Vendor,Library,No,ID,Formula,MW,Smile,Conc_mM,Solvent,Plate_ID,Plate_well
Enamine,UC-192873,1,Z2856434916,C14H18N2O2,246.304,CC(=O)C=1C=CC(NC(=O)CN2CCCC2)=CC1,100,ethylene glycol,1119104-Y20-C01,B02
Enamine,UC-192873,2,Z276754694,C13H19NO,205.296,CC(C)N(C(C)C)C(=O)C=1C=CC=CC1,100,ethylene glycol,1119104-Y20-C01,C02
Enamine,UC-192873,3,Z2856434812,C16H17NO,239.312,OC=1C=CC(CN2CCC=3C=CC=CC3C2)=CC1,100,ethylene glycol,1119104-Y20-C01,D02
Enamine,UC-192873,4,Z254580486,C7H11N3O,153.181,CN(C)C(=O)CN1C=CC=N1,100,ethylene glycol,1119104-Y20-C01,E02
Enamine,UC-192873,5,Z2856434806,C12H14ClN3,235.712,ClC=1C=CC=C(C1)N2CCN(CC#N)CC2,100,ethylene glycol,1119104-Y20-C01,F02
Enamine,UC-192873,6,Z1833679631,C6H10N4OS,186.234,CCN(C)C(=O)NC1=CN=NS1,100,ethylene glycol,1119104-Y20-C01,G02
Enamine,UC-192873,7,Z1994237215,C9H12F3N3,219.206,FC(F)(F)C1=CC(CN2CCCC2)=NN1,100,ethylene glycol,1119104-Y20-C01,H02
Enamine,UC-192873,8,Z169675004,C9H11N5O,205.216,CN1C=CC(NC(=O)CN2C=CC=N2)=N1,100,ethylene glycol,1119104-Y20-C01,I02
Enamine,UC-192873,9,Z1730522163,C11H12FNO2,209.216,CC1CN(C(=O)C)C=2C=CC=C(F)C2O1,100,ethylene glycol,1119104-Y20-C01,J02
Enamine,UC-192873,10,Z111634612,C9H12N4O,192.217,CC(C)C1=CC(=O)N2N=C(C)N=C2N1,100,ethylene glycol,1119104-Y20-C01,K02
Enamine,UC-192873,11,Z45705015,C9H12FNO2S,217.260,CS(=O)(=O)NCCC=1C=CC(F)=CC1,100,ethylene glycol,1119104-Y20-C01,L02
Enamine,UC-192873,12,Z1102357527,C9H11N3O2S,225.267,O=C(NC1CCC(=O)NC1)C2=CSC=N2,100,ethylene glycol,1119104-Y20-C01,M02
Enamine,UC-192873,13,Z1639162606,C8H10FNO2S,203.233,CNS(=O)(=O)C=1C=CC=C(C)C1F,100,ethylene glycol,1119104-Y20-C01,N02
Enamine,UC-192873,14,Z133716556,C10H13NO3S,227.280,CS(=O)(=O)NC1CCOC=2C=CC=CC12,100,ethylene glycol,1119104-Y20-C01,O02
Enamine,UC-192873,15,Z30272492,C10H12ClNO2,213.660,CNC(=O)C(C)OC=1C=CC(Cl)=CC1,100,ethylene glycol,1119104-Y20-C01,B03
Enamine,UC-192873,16,Z1675346324,C11H17N3O,207.272,CN(C1CC(O)C1)C=2C=C(C)N=C(C)N2,100,ethylene glycol,1119104-Y20-C01,C03
Enamine,UC-192873,17,Z212851096,C10H13N3O2,207.229,CC1CN(CCO1)C(=O)C=2C=NC=CN2,100,ethylene glycol,1119104-Y20-C01,D03
Enamine,UC-192873,18,Z1079512010,C10H11N3O2,205.213,CC=1C=C(CN2N=C(C)C=CC2=O)ON1,100,ethylene glycol,1119104-Y20-C01,E03
Enamine,UC-192873,19,Z26794351,C10H11N3O2,205.213,CCC(=O)NC=1C=CC=2NC(=O)NC2C1,100,ethylene glycol,1119104-Y20-C01,F03
Enamine,UC-192873,20,Z1622626423,C7H10ClF3N4O,258.628,Cl.CC(N)C(=O)NC1=CC(=NN1)C(F)(F)F,100,ethylene glycol,1119104-Y20-C01,G03
Enamine,UC-192873,21,Z2856434944,C12H16FN3O,237.273,CN1CCN(CC1)C(=O)NC=2C=CC(F)=CC2,100,ethylene glycol,1119104-Y20-C01,H03
Enamine,UC-192873,22,Z319891284,C9H14N2O3S,230.284,CC1=CC(=NO1)C2CCCN2S(=O)(=O)C,100,ethylene glycol,1119104-Y20-C01,I03
Enamine,UC-192873,23,Z3006151474,C6H5F2NO2,161.106,FC(F)OC=1C=CC(=O)NC1,100,ethylene glycol,1119104-Y20-C01,J03
Enamine,UC-192873,24,Z1401276297,C11H15N3O,205.256,C1CC2(CCN(C2)C=3C=NC=CN3)CO1,100,ethylene glycol,1119104-Y20-C01,K03
Enamine,UC-192873,25,Z1693429442,C14H15N3O,241.288,CC=1C=C(C)N=C(NC(=O)NC=2C=CC=CC2)C1,100,ethylene glycol,1119104-Y20-C01,L03
Enamine,UC-192873,26,Z1551999220,C10H12BrNO,242.112,CC(CC=1C=CC(Br)=CC1)C(=O)N,100,ethylene glycol,1119104-Y20-C01,M03
Enamine,UC-192873,27,Z33486130,C10H11N3O3,221.212,CC(=O)NC1=CC(=CC(=C1)C(=O)N)C(=O)N,100,ethylene glycol,1119104-Y20-C01,N03
Enamine,UC-192873,28,Z1741964527,C16H17NO,239.312,OC1CN(C1)C(C=2C=CC=CC2)C=3C=CC=CC3,100,ethylene glycol,1119104-Y20-C01,O03
Enamine,UC-192873,29,Z1354370966,C9H9ClFN3O,229.638,FC=1C=C(Cl)C=NC1N2CCNC(=O)C2,100,ethylene glycol,1119104-Y20-C01,B04
Enamine,UC-192873,30,Z1272494722,C9H15N3OS,213.299,CC1=NSC(NC2CCCC2CO)=N1,100,ethylene glycol,1119104-Y20-C01,C04
Enamine,UC-192873,31,Z2012523861,C9H8F3NO2,219.160,CC(=O)NC=1C=CC(OC(F)F)=CC1F,100,ethylene glycol,1119104-Y20-C01,D04
Enamine,UC-192873,32,Z1272517105,C10H17N3OS,227.326,CC1=NSC(NC2CCCC2(C)CO)=N1,100,ethylene glycol,1119104-Y20-C01,E04
Enamine,UC-192873,33,Z1545196101,C11H12FN3,205.231,CC1=NNC=C1CNC=2C=CC=CC2F,100,ethylene glycol,1119104-Y20-C01,F04
Enamine,UC-192873,34,Z1945707490,C10H14O2,166.216,CC(C)(C)C=1C=C(O)C=CC1O,100,ethylene glycol,1119104-Y20-C01,G04
Enamine,UC-192873,35,Z1432018343,C8H10ClFN2O,204.629,C[C@@H](CO)NC=1N=CC(Cl)=CC1F,100,ethylene glycol,1119104-Y20-C01,H04
Enamine,UC-192873,36,Z352704742,C10H11BrFNO2,276.102,CC(O)CNC(=O)C=1C=CC(Br)=CC1F,100,ethylene glycol,1119104-Y20-C01,I04
Enamine,UC-192873,37,Z1354370680,C8H10ClFN2O,204.629,CN(CCO)C=1N=CC(Cl)=CC1F,100,ethylene glycol,1119104-Y20-C01,J04
Enamine,UC-192873,38,Z647156496,C11H14BrNO2,272.138,CC(O)CNC(=O)C=1C=CC(Br)=CC1C,100,ethylene glycol,1119104-Y20-C01,K04
Enamine,UC-192873,39,Z2142244288,C9H12FNO2S,217.260,CCNC=1C=CC(=CC1F)S(=O)(=O)C,100,ethylene glycol,1119104-Y20-C01,L04
Enamine,UC-192873,40,Z839706072,C9H12BrN3O,258.115,CN(C1CC1)C(=O)CN2C=C(Br)C=N2,100,ethylene glycol,1119104-Y20-C01,M04
Enamine,UC-192873,41,Z1522339024,C9H13F3N2O,222.207,CNC(=O)CN1CCC(=CC1)C(F)(F)F,100,ethylene glycol,1119104-Y20-C01,N04
Enamine,UC-192873,42,Z1328078283,C12H22N2O,210.315,CC1(C)CN(C(=O)NCC2CC2)C1(C)C,100,ethylene glycol,1119104-Y20-C01,O04
Enamine,UC-192873,43,Z26794305,C9H9N3O2,191.186,CC(=O)NC=1C=CC=2NC(=O)NC2C1,100,ethylene glycol,1119104-Y20-C01,B05
Enamine,UC-192873,44,Z2856434942,C12H15FN2O,222.258,FC=1C=CC(NC(=O)CN2CCCC2)=CC1,100,ethylene glycol,1119104-Y20-C01,C05
Enamine,UC-192873,45,Z1134240160,C7H11N3OS2,217.311,CC(C)SC1=NN=C(NC(=O)C)S1,100,ethylene glycol,1119104-Y20-C01,D05
Enamine,UC-192873,46,Z212122838,C10H14N2OS,210.295,CC1=CSC(CNC(=O)C2CCC2)=N1,100,ethylene glycol,1119104-Y20-C01,E05
Enamine,UC-192873,47,Z509756472,C13H15N3O2,245.277,O=C(NCC=1C=CC(C#N)=CC1)N2CCOCC2,100,ethylene glycol,1119104-Y20-C01,F05
Enamine,UC-192873,48,Z1265813904,C11H10FNO2,207.201,CN(C)C(=O)C1=CC=2C=CC=C(F)C2O1,100,ethylene glycol,1119104-Y20-C01,G05
Enamine,UC-192873,49,Z2472938267,C13H17N3O2,247.292,O=C(NCCN1CCCC1=O)NC=2C=CC=CC2,100,ethylene glycol,1119104-Y20-C01,H05
Enamine,UC-192873,50,Z1148165337,C11H13N3O,203.240,CN(C)C(=O)CN1N=CC=2C=CC=CC12,100,ethylene glycol,1119104-Y20-C01,I05
Enamine,UC-192873,51,Z384468096,C14H19NO2,233.306,CC(=O)NCC1(CCOCC1)C=2C=CC=CC2,100,ethylene glycol,1119104-Y20-C01,J05
Enamine,UC-192873,52,Z445856640,C9H18N2O3S,234.315,CC(C)NC(=O)N(C)C1CCS(=O)(=O)C1,100,ethylene glycol,1119104-Y20-C01,K05
Enamine,UC-192873,53,Z371866204,C10H11N3O2S,237.278,CNC(=O)NC1=NC=2C=CC(OC)=CC2S1,100,ethylene glycol,1119104-Y20-C01,L05
Enamine,UC-192873,54,Z1562155982,C9H19ClN2O,206.712,Cl.CN(C)C(=O)CC1CCNCC1,100,ethylene glycol,1119104-Y20-C01,M05
Enamine,UC-192873,55,Z53825479,C6H13NO2S,163.237,CS(=O)(=O)NC1CCCC1,100,ethylene glycol,1119104-Y20-C01,N05
Enamine,UC-192873,56,Z1416571195,C11H13N3O,203.240,NC(=O)C=1C=CN=C(NC2CC=CC2)C1,100,ethylene glycol,1119104-Y20-C01,O05
Enamine,UC-192873,57,Z2273464199,C10H12FN3O,209.220,FC=1C=CC=NC1N[C@H]2CCCNC2=O,100,ethylene glycol,1119104-Y20-C01,B06
Enamine,UC-192873,58,Z2377835233,C10H17ClN4O,244.721,Cl.CN1C=C(C(=O)N)C(=N1)C2CCCNC2,100,ethylene glycol,1119104-Y20-C01,C06
Enamine,UC-192873,59,Z2273972081,C10H12FN3O,209.220,CC1CN(CC(=O)N1)C=2N=CC=CC2F,100,ethylene glycol,1119104-Y20-C01,D06
Enamine,UC-192873,60,Z2447286438,C12H17ClN2O,240.729,Cl.CN(C(=O)C1CCNC1)C=2C=CC=CC2,100,ethylene glycol,1119104-Y20-C01,E06
Enamine,UC-192873,61,Z1601639621,C11H15FN2O,210.248,FC=1C=CC=NC1NC2CCCOCC2,100,ethylene glycol,1119104-Y20-C01,F06
Enamine,UC-192873,62,Z32279730,C9H16N2O3,200.234,COCC(=O)N1CCCC(C1)C(=O)N,100,ethylene glycol,1119104-Y20-C01,G06
Enamine,UC-192873,63,Z2073741691,C9H15F2NO3,223.217,C[C@H]1CN(C[C@@H](C)O1)C(=O)COC(F)F,100,ethylene glycol,1119104-Y20-C01,H06
Enamine,UC-192873,64,Z383202616,C9H9N3O,175.187,CC(=O)NC=1C=CC2=CNN=C2C1,100,ethylene glycol,1119104-Y20-C01,I06
Enamine,UC-192873,65,Z1373445602,C10H12FN3O,209.220,CN1CCN(CC1=O)C=2N=CC=CC2F,100,ethylene glycol,1119104-Y20-C01,J06
Enamine,UC-192873,66,Z1791180120,C8H9N5OS,223.254,CC=1C=C(C(=O)NC2=CN=NS2)N(C)N1,100,ethylene glycol,1119104-Y20-C01,K06
Enamine,UC-192873,67,Z2467208649,C10H13N3,175.230,CC(C)NC1=NC=2C=CC=CC2N1,100,ethylene glycol,1119104-Y20-C01,L06
Enamine,UC-192873,68,Z54615640,C9H15NO3S,217.285,CC1(CCS(=O)(=O)C1)NC(=O)C2CC2,100,ethylene glycol,1119104-Y20-C01,M06
Enamine,UC-192873,69,Z2092555279,C11H15FN2O,210.248,CCC1(O)CCN(C1)C=2C=CC(F)=CN2,100,ethylene glycol,1119104-Y20-C01,N06
Enamine,UC-192873,70,Z1827602749,C8H11N3O2S,213.256,CC1CCOC1C(=O)NC2=CN=NS2,100,ethylene glycol,1119104-Y20-C01,O06
Enamine,UC-192873,71,Z53860899,C10H13NO4S,243.279,CCS(=O)(=O)NCC=1C=CC=2OCOC2C1,100,ethylene glycol,1119104-Y20-C01,B07
Enamine,UC-192873,72,Z1349163663,C10H14N4O,206.244,CN(C1CCC1)C=2C=CC(=NN2)C(=O)N,100,ethylene glycol,1119104-Y20-C01,C07
Enamine,UC-192873,73,Z57111868,C10H8F3NO2,231.171,CC(=O)C=1C=CC=C(NC(=O)C(F)(F)F)C1,100,ethylene glycol,1119104-Y20-C01,D07
Enamine,UC-192873,74,Z422410426,C9H13N3O2S,227.283,CN(C)C(=O)CNC(=O)C=1SC=NC1C,100,ethylene glycol,1119104-Y20-C01,E07
Enamine,UC-192873,75,Z30272547,C13H12N2O3,244.245,CNC(=O)C=1C=CC=CC1NC(=O)C2=CC=CO2,100,ethylene glycol,1119104-Y20-C01,F07
Enamine,UC-192873,76,Z73240835,C10H14N2O2S,226.295,CC1=CSC(NC(=O)C2CCOCC2)=N1,100,ethylene glycol,1119104-Y20-C01,G07
Enamine,UC-192873,77,Z111507846,C14H21N3O,247.336,O=C(NCCC=1C=CN=CC1)NC2CCCCC2,100,ethylene glycol,1119104-Y20-C01,H07
Enamine,UC-192873,78,Z19733482,C11H15NO2,193.242,CN(C)C(=O)COC=1C=CC=CC1C,100,ethylene glycol,1119104-Y20-C01,I07
Enamine,UC-192873,79,Z56983806,C13H13N5,239.275,CC=1C=CC=C(NC=2N=CN=C3N(C)N=CC23)C1,100,ethylene glycol,1119104-Y20-C01,J07
Enamine,UC-192873,80,Z907784200,C11H15FN2O,210.248,CCNC(=O)C=1C=CC(N(C)C)=C(F)C1,100,ethylene glycol,1119104-Y20-C01,K07
Enamine,UC-192873,81,Z57101343,C12H11N5,225.249,CC=1C=CC(NC=2N=CN=C3NN=CC23)=CC1,100,ethylene glycol,1119104-Y20-C01,L07
Enamine,UC-192873,82,Z733898624,C9H15N3O,181.234,CC(C)NC(=O)C1=CC(C)=NN1C,100,ethylene glycol,1119104-Y20-C01,M07
Enamine,UC-192873,83,Z1230032143,C10H14N2O3S,242.294,CCOC(=O)C=1SC(=NC1C)N(C)C(=O)C,100,ethylene glycol,1119104-Y20-C01,N07
Enamine,UC-192873,84,Z414477942,C8H17N3O3S,235.303,CN(C)S(=O)(=O)NC1CCCCNC1=O,100,ethylene glycol,1119104-Y20-C01,O07
Enamine,UC-192873,85,Z2365130785,C10H13FN2O,196.221,C[C@]1(O)C[C@H](C1)NC=2N=CC=CC2F,100,ethylene glycol,1119104-Y20-C01,B08
Enamine,UC-192873,86,Z52425517,C11H12N4OS,248.304,CCCC1=NN=C(NC(=O)C=2C=CC=CN2)S1,100,ethylene glycol,1119104-Y20-C01,C08
Enamine,UC-192873,87,Z2856434903,C13H19N3O,233.309,CN1CCN(CC1)C=2C=CC(NC(=O)C)=CC2,100,ethylene glycol,1119104-Y20-C01,D08
Enamine,UC-192873,88,Z2443429438,C10H15ClN2O2S,262.756,Cl.N[C@H]1CCN(C1)S(=O)(=O)C=2C=CC=CC2,100,ethylene glycol,1119104-Y20-C01,E08
Enamine,UC-192873,89,Z453319206,C16H12N2O,248.279,O=C(NC=1C=CC=2N=CC=CC2C1)C=3C=CC=CC3,100,ethylene glycol,1119104-Y20-C01,F08
Enamine,UC-192873,90,Z2017861827,C13H15NO,201.264,CC(=O)N1C[C@H]2CC[C@H]1C=3C=CC=CC23,100,ethylene glycol,1119104-Y20-C01,G08
Enamine,UC-192873,91,Z30857828,C10H14N2O3S,242.294,CC(=O)NCCC=1C=CC(=CC1)S(=O)(=O)N,100,ethylene glycol,1119104-Y20-C01,H08
Enamine,UC-192873,92,Z131516158,C10H12N4O,204.228,CC(NC(=O)C)C1=NN=C2C=CC=CN12,100,ethylene glycol,1119104-Y20-C01,I08
Enamine,UC-192873,93,Z1980894300,C11H17N3O,207.272,CC=1C=C(N=C(CO)N1)N2CCCCC2,100,ethylene glycol,1119104-Y20-C01,J08
Enamine,UC-192873,94,Z740611958,C11H18N2OS,226.338,CC(C)C(=O)NC(C)C=1SC(C)=NC1C,100,ethylene glycol,1119104-Y20-C01,K08
Enamine,UC-192873,95,Z2033637875,C8H10N4OS,210.256,CN(CC(=O)N)C=1SN=C(C)C1C#N,100,ethylene glycol,1119104-Y20-C01,L08
Enamine,UC-192873,96,Z332751146,C9H13N3O,179.219,CN(C)C(=O)C=1C=C(NN1)C2CC2,100,ethylene glycol,1119104-Y20-C01,M08
Enamine,UC-192873,97,Z420276166,C11H16N2OS,224.322,CC=1N=CSC1C(=O)NCC2CCCC2,100,ethylene glycol,1119104-Y20-C01,N08
Enamine,UC-192873,98,Z44603686,C11H21N3O2,227.303,CC(C)(C)NC(=O)N1CCC(CC1)C(=O)N,100,ethylene glycol,1119104-Y20-C01,O08
Enamine,UC-192873,99,Z2856434804,C9H16N2O3,200.234,COC(=O)C1CCN(CC(=O)N)CC1,100,ethylene glycol,1119104-Y20-C01,B09
Enamine,UC-192873,100,Z915781066,C10H16N2OS,212.311,CCC(C)(C)NC(=O)C1=CN=C(C)S1,100,ethylene glycol,1119104-Y20-C01,C09
Enamine,UC-192873,101,Z30891796,C14H13NO2,227.258,CC=1C=CC(C)=C(OC(=O)C=2C=CN=CC2)C1,100,ethylene glycol,1119104-Y20-C01,D09
Enamine,UC-192873,102,Z285642082,C10H10N4O,202.212,O=C(NC1CC1)C=2C=NN3C=CC=NC23,100,ethylene glycol,1119104-Y20-C01,E09
Enamine,UC-192873,103,Z933840894,C9H10ClFN2O,216.639,CNC(=O)NCC=1C(F)=CC=CC1Cl,100,ethylene glycol,1119104-Y20-C01,F09
Enamine,UC-192873,104,Z135394292,C8H12N2O2,168.193,CC(C)NC(=O)C1=CC(C)=NO1,100,ethylene glycol,1119104-Y20-C01,G09
Enamine,UC-192873,105,Z1673618163,C9H14N2O3S,230.284,CN(CCO)S(=O)(=O)C=1C=CC(N)=CC1,100,ethylene glycol,1119104-Y20-C01,H09
Enamine,UC-192873,106,Z744930860,C10H17N3O,195.261,CCC(C)(C)NC(=O)C1=CC(C)=NN1,100,ethylene glycol,1119104-Y20-C01,I09
Enamine,UC-192873,107,Z57472297,C11H16N2O3,224.256,CC(CO)(CO)NC(=O)NC=1C=CC=CC1,100,ethylene glycol,1119104-Y20-C01,J09
Enamine,UC-192873,108,Z272156568,C8H10N2O2,166.177,CCOC=1N=CC=CC1C(=O)N,100,ethylene glycol,1119104-Y20-C01,K09
Enamine,UC-192873,109,Z1614545742,C11H13NO5,239.224,COC(=O)[C@@H]1C[C@@H](O)CN1C(=O)C2=CC=CO2,100,ethylene glycol,1119104-Y20-C01,L09
Enamine,UC-192873,110,Z404993336,C9H10N4O2,206.201,CC1=CC(=NO1)C(=O)NC=2C=NN(C)C2,100,ethylene glycol,1119104-Y20-C01,M09
Enamine,UC-192873,111,Z1446981563,C10H19NO3S,233.327,CS(=O)(=O)NC1CCOC2(CCCC2)C1,100,ethylene glycol,1119104-Y20-C01,N09
Enamine,UC-192873,112,Z19739650,C10H10N2O2,190.198,CC(OC=1C=CC(C#N)=CC1)C(=O)N,100,ethylene glycol,1119104-Y20-C01,O09
Enamine,UC-192873,113,Z133729708,C9H12ClNO2S,233.715,CC(NS(=O)(=O)C)C=1C=CC=CC1Cl,100,ethylene glycol,1119104-Y20-C01,B10
Enamine,UC-192873,114,Z2856434840,C12H15N3,201.267,CN1CCN(CC1)C=2C=CC(C#N)=CC2,100,ethylene glycol,1119104-Y20-C01,C10
Enamine,UC-192873,115,Z1310763003,C8H12N4OS,212.272,CC1(C)CCN1C(=O)NC2=NN=CS2,100,ethylene glycol,1119104-Y20-C01,D10
Enamine,UC-192873,116,Z31244728,C11H17N3,191.272,C1CCCC(CC1)NC=2N=CC=CN2,100,ethylene glycol,1119104-Y20-C01,E10
Enamine,UC-192873,117,Z100449516,C11H11NO3,205.209,CC=1OC=CC1C(=O)NCC2=CC=CO2,100,ethylene glycol,1119104-Y20-C01,F10
Enamine,UC-192873,118,Z33297786,C11H15NO2,193.242,COCC(=O)NCC=1C=CC(C)=CC1,100,ethylene glycol,1119104-Y20-C01,G10
Enamine,UC-192873,119,Z19750454,C12H12N2O2S,248.300,CC1=CC(NC(=O)CSC=2C=CC=CC2)=NO1,100,ethylene glycol,1119104-Y20-C01,H10
Enamine,UC-192873,120,Z2856434892,C12H11N3O3,245.234,CN1C=CC(=N1)C(=O)NC=2C=CC=C(C2)C(=O)O,100,ethylene glycol,1119104-Y20-C01,I10
Enamine,UC-192873,121,Z2527301677,C10H13ClN4,224.690,Cl.CC(N)C1=CN(N=N1)C=2C=CC=CC2,100,ethylene glycol,1119104-Y20-C01,J10
Enamine,UC-192873,122,Z44602971,C12H13N3OS,247.316,CC1=CSC(NC(=O)NC=2C=CC=C(C)C2)=N1,100,ethylene glycol,1119104-Y20-C01,K10
Enamine,UC-192873,123,Z2856434814,C10H15NO,165.232,CCN(CC)C=1C=CC=C(O)C1,100,ethylene glycol,1119104-Y20-C01,L10
Enamine,UC-192873,124,Z44592329,C12H11N3O,213.235,O=C(NC=1C=CC=CC1)NC=2C=CC=NC2,100,ethylene glycol,1119104-Y20-C01,M10
Enamine,UC-192873,125,Z2856434762,C7H10N2,122.167,CN(C)C=1C=CN=CC1,100,ethylene glycol,1119104-Y20-C01,N10
Enamine,UC-192873,126,Z30624464,C16H15NO,237.296,O=C(CC=1C=CC=CC1)N2CCC=3C=CC=CC23,100,ethylene glycol,1119104-Y20-C01,O10
Enamine,UC-192873,127,Z69092635,C14H20N2O2,248.320,CC1=NOC(C)=C1C(=O)NCCC2=CCCCC2,100,ethylene glycol,1119104-Y20-C01,B11
Enamine,UC-192873,128,Z363071686,C9H18N2O3S,234.315,CN(CC(=O)N1CCCCC1)S(=O)(=O)C,100,ethylene glycol,1119104-Y20-C01,C11
Enamine,UC-192873,129,Z2064107709,C13H12N2OS,244.312,O=C(NC1=NC=CS1)[C@@H]2C[C@H]2C=3C=CC=CC3,100,ethylene glycol,1119104-Y20-C01,D11
Enamine,UC-192873,130,Z369263636,C8H15N3O2S,217.288,CC(NS(=O)(=O)C)C=1C=NN(C)C1C,100,ethylene glycol,1119104-Y20-C01,E11
Enamine,UC-192873,131,Z1430613384,C12H11NO3,217.220,CC=1C=CC(NC(=O)C2=CC=CO2)=CC1O,100,ethylene glycol,1119104-Y20-C01,F11
Enamine,UC-192873,132,Z240297434,C9H10N4O2,206.201,CC=1C=C(ON1)C(=O)NC=2C=CN(C)N2,100,ethylene glycol,1119104-Y20-C01,G11
Enamine,UC-192873,133,Z44584192,C12H18N2O2,222.283,O=C(NCC1=CC=CO1)NC2CCCCC2,100,ethylene glycol,1119104-Y20-C01,H11
Enamine,UC-192873,134,Z45656995,C8H10N2O3S,214.241,CS(=O)(=O)NC=1C=CC(=CC1)C(=O)N,100,ethylene glycol,1119104-Y20-C01,I11
Enamine,UC-192873,135,Z19735981,C12H15NO2,205.253,O=C(COC=1C=CC=CC1)N2CCCC2,100,ethylene glycol,1119104-Y20-C01,J11
Enamine,UC-192873,136,Z193091370,C6H12N2O3S,192.236,CS(=O)(=O)N1CCCC1C(=O)N,100,ethylene glycol,1119104-Y20-C01,K11
Enamine,UC-192873,137,Z31792168,C13H18N2O,218.294,O=C(CC1CCCCC1)NC=2C=CC=NC2,100,ethylene glycol,1119104-Y20-C01,L11
Enamine,UC-192873,138,Z384362790,C10H13N3O2,207.229,O=C(NCC1CCOC1)C=2C=NC=CN2,100,ethylene glycol,1119104-Y20-C01,M11
Enamine,UC-192873,139,Z730649594,C14H14N2O2,242.273,OC=1C=CC(CCNC(=O)C=2C=CC=CN2)=CC1,100,ethylene glycol,1119104-Y20-C01,N11
Enamine,UC-192873,140,Z405825414,C9H18N2O3S,234.315,CCC(=O)N1CCCC(C1)NS(=O)(=O)C,100,ethylene glycol,1119104-Y20-C01,O11
Enamine,UC-192873,141,Z1003146540,C7H7F2NO3S,223.197,NS(=O)(=O)C=1C=CC=CC1OC(F)F,100,ethylene glycol,1119104-Y20-C01,B12
Enamine,UC-192873,142,Z381474098,C10H12N2O3,208.213,O=C(NC=1C=CC=CN1)C2COCCO2,100,ethylene glycol,1119104-Y20-C01,C12
Enamine,UC-192873,143,Z1266933824,C8H12ClN3O,201.653,Cl.O=C(N1CCCC1)C=2C=NNC2,100,ethylene glycol,1119104-Y20-C01,D12
Enamine,UC-192873,144,Z33452549,C15H15NO2,241.285,CC=1C=CC=C(C1)C(=O)NC=2C=CC(C)=CC2O,100,ethylene glycol,1119104-Y20-C01,E12
Enamine,UC-192873,145,Z2241127906,C13H19NO,205.296,OC=1C=CC(CNC2CCCCC2)=CC1,100,ethylene glycol,1119104-Y20-C01,F12
Enamine,UC-192873,146,Z45527714,C7H8ClNO2S,205.661,CNS(=O)(=O)C=1C=CC=CC1Cl,100,ethylene glycol,1119104-Y20-C01,G12
Enamine,UC-192873,147,Z32399802,C8H14N2O2,170.208,CC(=O)N1CCC(CC1)C(=O)N,100,ethylene glycol,1119104-Y20-C01,H12
Enamine,UC-192873,148,Z123856654,C9H13N3O3S,243.282,CN(C)C(=O)NC=1C=CC(=CC1)S(=O)(=O)N,100,ethylene glycol,1119104-Y20-C01,I12
Enamine,UC-192873,149,Z2856434899,C10H15NOS,197.297,OC1CCN(CC=2C=CSC2)CC1,100,ethylene glycol,1119104-Y20-C01,J12
Enamine,UC-192873,150,Z44584202,C12H11FN2O2,234.226,FC=1C=CC(NC(=O)NCC2=CC=CO2)=CC1,100,ethylene glycol,1119104-Y20-C01,K12
Enamine,UC-192873,151,Z1259155959,C6H10N2O2,142.155,CC=1NNC(=O)C1CCO,100,ethylene glycol,1119104-Y20-C01,L12
Enamine,UC-192873,152,Z203581214,C12H10ClN3O,247.680,ClC=1C=CC(CC(=O)NC=2N=CC=CN2)=CC1,100,ethylene glycol,1119104-Y20-C01,M12
Enamine,UC-192873,153,Z1328968520,C8H9N3O2S2,243.305,CS(=O)(=O)C1=NC=CN1CC2=CSC=N2,100,ethylene glycol,1119104-Y20-C01,N12
Enamine,UC-192873,154,Z1741973467,C13H17NO2,219.279,COC=1C=CC(=CC1)C(=O)C2CCNCC2,100,ethylene glycol,1119104-Y20-C01,O12
Enamine,UC-192873,155,Z2856434807,C13H17N3O,231.293,COC=1C=CC=CC1N2CCN(CC#N)CC2,100,ethylene glycol,1119104-Y20-C01,B13
Enamine,UC-192873,156,Z422396686,C11H16N2OS,224.322,CC1CCCCN1C(=O)C=2SC=NC2C,100,ethylene glycol,1119104-Y20-C01,C13
Enamine,UC-192873,157,Z89307993,C14H13NO2,227.258,CC=1OC=CC1C(=O)N2CCC=3C=CC=CC23,100,ethylene glycol,1119104-Y20-C01,D13
Enamine,UC-192873,158,Z408255174,C8H16N2O3S,220.289,CS(=O)(=O)NCC(=O)N1CCCCC1,100,ethylene glycol,1119104-Y20-C01,E13
Enamine,UC-192873,159,Z27749656,C14H12FNO,229.249,FC=1C=CC=C(C1)C(=O)NCC=2C=CC=CC2,100,ethylene glycol,1119104-Y20-C01,F13
Enamine,UC-192873,160,Z217038356,C10H15N3O2,209.245,CC1CN(CCO1)C(=O)CN2C=CC=N2,100,ethylene glycol,1119104-Y20-C01,G13
Enamine,UC-192873,161,Z1802166390,C13H16ClNO,237.725,C[C@@H]1C[C@H]1C(=O)NCCC=2C=CC(Cl)=CC2,100,ethylene glycol,1119104-Y20-C01,H13
Enamine,UC-192873,162,Z466628048,C9H10N4OS,222.266,CC1=CSC(CNC(=O)C=2C=CNN2)=N1,100,ethylene glycol,1119104-Y20-C01,I13
Enamine,UC-192873,163,Z19735192,C14H12FNO2,245.248,FC=1C=CC=C(NC(=O)COC=2C=CC=CC2)C1,100,ethylene glycol,1119104-Y20-C01,J13
Enamine,UC-192873,164,Z19735578,C9H11NO2,165.189,CC(OC=1C=CC=CC1)C(=O)N,100,ethylene glycol,1119104-Y20-C01,K13
Enamine,UC-192873,165,Z123970702,C11H15ClN2O2,242.702,CC(C)(CO)NC(=O)NC=1C=CC(Cl)=CC1,100,ethylene glycol,1119104-Y20-C01,L13
Enamine,UC-192873,166,Z18769001,C10H10N2O2,190.198,CC(OC=1C=CC=CC1C#N)C(=O)N,100,ethylene glycol,1119104-Y20-C01,M13
Enamine,UC-192873,167,Z29077827,C13H17N3O,231.293,CCCN1C(NC(=O)CC)=NC=2C=CC=CC12,100,ethylene glycol,1119104-Y20-C01,N13
Enamine,UC-192873,168,Z437584380,C11H12ClNOS,241.737,ClC=1C=CC(=CC1)C(=O)N2CCSCC2,100,ethylene glycol,1119104-Y20-C01,O13
Enamine,UC-192873,169,Z755016692,C9H14N4O2,210.233,O=C(N1CCCCCC1)C2=NC(=O)NN2,100,ethylene glycol,1119104-Y20-C01,B14
Enamine,UC-192873,170,Z26489203,C10H10N2O,174.199,CCC(=O)NC=1C=CC=CC1C#N,100,ethylene glycol,1119104-Y20-C01,C14
Enamine,UC-192873,171,Z1430530116,C7H9F2N3S,205.228,FC(F)C1=NN=C(S1)N2CCCC2,100,ethylene glycol,1119104-Y20-C01,D14
Enamine,UC-192873,172,Z26823525,C9H13N3O2S,227.283,CCC1=NN=C(NC(=O)C2CCCO2)S1,100,ethylene glycol,1119104-Y20-C01,E14
Enamine,UC-192873,173,Z955369596,C10H12BrNO2,258.111,COC=1C=CC(Br)=CC1CNC(=O)C,100,ethylene glycol,1119104-Y20-C01,F14
Enamine,UC-192873,174,Z28290384,C14H12FNO2,245.248,COC=1C=CC=C(C1)C(=O)NC=2C=CC=CC2F,100,ethylene glycol,1119104-Y20-C01,G14
Enamine,UC-192873,175,Z274554872,C11H14N2O3,222.240,OC=1C=CC(NC(=O)N2CCOCC2)=CC1,100,ethylene glycol,1119104-Y20-C01,H14
Enamine,UC-192873,176,Z99601600,C11H15NO2,193.242,CC=1C=C(C)C(NC(=O)CO)=C(C)C1,100,ethylene glycol,1119104-Y20-C01,I14
Enamine,UC-192873,177,Z57475068,C10H20N4O2,228.291,CN(C)C(=O)N1CCN(CC1)C(=O)N(C)C,100,ethylene glycol,1119104-Y20-C01,J14
Enamine,UC-192873,178,Z30612387,C12H8N2OS,228.269,O=C(NC=1C=CC(C#N)=CC1)C2=CC=CS2,100,ethylene glycol,1119104-Y20-C01,K14
Enamine,UC-192873,179,Z45516134,C11H17NO2S,227.323,CCN(CC)S(=O)(=O)C=1C=CC(C)=CC1,100,ethylene glycol,1119104-Y20-C01,L14
Enamine,UC-192873,180,Z90122368,C7H13N3O2,171.197,CC(=O)N1CCN(CC1)C(=O)N,100,ethylene glycol,1119104-Y20-C01,M14
Enamine,UC-192873,181,Z751811134,C7H10N2O2S,186.231,CN(C)S(=O)(=O)C=1C=CC=NC1,100,ethylene glycol,1119104-Y20-C01,N14
Enamine,UC-192873,182,Z30917949,C13H13N3O,227.261,CCC=1C=CC(NC(=O)C=2C=NC=CN2)=CC1,100,ethylene glycol,1119104-Y20-C01,O14
Enamine,UC-192873,183,Z28173817,C9H14N2OS,198.285,CCC(CC)C(=O)NC1=NC=CS1,100,ethylene glycol,1119104-Y20-C01,B15
Enamine,UC-192873,184,Z133622412,C8H15NO4S,221.274,CS(=O)(=O)NC1(CCCCC1)C(=O)O,100,ethylene glycol,1119104-Y20-C01,C15
Enamine,UC-192873,185,Z30802768,C12H15F2NO,227.250,CC(C)(C)CC(=O)NC=1C=CC(F)=CC1F,100,ethylene glycol,1119104-Y20-C01,D15
Enamine,UC-192873,186,Z208334100,C14H20N2O2,248.320,CC(C)C=1C=CC(NC(=O)N2CCOCC2)=CC1,100,ethylene glycol,1119104-Y20-C01,E15
Enamine,UC-192873,187,Z68404778,C14H14N2O,226.273,CC(=O)NC=1C=CC(NC=2C=CC=CC2)=CC1,100,ethylene glycol,1119104-Y20-C01,F15
Enamine,UC-192873,188,Z190780124,C11H14N2O2,206.241,CC(NC(=O)C=1C=CC=NC1O)C2CC2,100,ethylene glycol,1119104-Y20-C01,G15
Enamine,UC-192873,189,Z793500562,C13H13NO3,231.247,CCOC(=O)C1=CC(=NO1)C=2C=CC(C)=CC2,100,ethylene glycol,1119104-Y20-C01,H15
Enamine,UC-192873,190,Z425449682,C10H11ClN2O,210.660,Cl.NCC1=CC(=NO1)C=2C=CC=CC2,100,ethylene glycol,1119104-Y20-C01,I15
Enamine,UC-192873,191,Z32385991,C15H17NO,227.301,CC(C)CNC(=O)C=1C=CC=2C=CC=CC2C1,100,ethylene glycol,1119104-Y20-C01,J15
Enamine,UC-192873,192,Z1891773393,C12H17ClN2O,240.729,Cl.CC(N)C=1C=CC(NC(=O)C2CC2)=CC1,100,ethylene glycol,1119104-Y20-C01,K15
Enamine,UC-192873,193,Z57715447,C13H15N3O,229.277,C1CCC(CC1)C2=NC(=NO2)C=3C=CN=CC3,100,ethylene glycol,1119104-Y20-C01,L15
Enamine,UC-192873,194,Z31721798,C13H23NO2,225.327,O=C(CCC1CCCCC1)N2CCOCC2,100,ethylene glycol,1119104-Y20-C01,M15
Enamine,UC-192873,195,Z1310876699,C14H13FN2O,244.264,FC=1C=CC=CC1C(=O)NCCC=2C=CN=CC2,100,ethylene glycol,1119104-Y20-C01,N15
Enamine,UC-192873,196,Z56880342,C7H11N3O2,169.181,CCNC(=O)NC=1C=C(C)ON1,100,ethylene glycol,1119104-Y20-C01,O15
Enamine,UC-192873,197,Z2856434925,C7H10ClN3OS,219.691,ClC=1SN=NC1CN2CCOCC2,100,ethylene glycol,1119104-Y20-C01,B16
Enamine,UC-192873,198,Z57080305,C13H14N2OS,246.328,CC(=O)NC1=NC=C(CC=2C=CC=C(C)C2)S1,100,ethylene glycol,1119104-Y20-C01,C16
Enamine,UC-192873,199,Z29634868,C14H14O4,246.258,CCCC1=CC(=O)OC=2C=C(OC(=O)C)C=CC12,100,ethylene glycol,1119104-Y20-C01,D16
Enamine,UC-192873,200,Z438067480,C10H16N4O,208.260,CCC(=O)NCC1=NN=C2CCCCN12,100,ethylene glycol,1119104-Y20-C01,E16
Enamine,UC-192873,201,Z26769872,C13H12FNO2,233.238,FC=1C=CC(CCNC(=O)C2=CC=CO2)=CC1,100,ethylene glycol,1119104-Y20-C01,F16
Enamine,UC-192873,202,Z2735692823,C12H15ClN2O,238.713,ClC=1C=CC=C(NC(=O)CN2CCCC2)C1,100,ethylene glycol,1119104-Y20-C01,G16
Enamine,UC-192873,203,Z56837087,C9H7ClN2O,194.617,ClC=1C=CC(NC(=O)CC#N)=CC1,100,ethylene glycol,1119104-Y20-C01,H16
Enamine,UC-192873,204,Z28290321,C14H12FNO2,245.248,COC=1C=CC(=CC1)C(=O)NC=2C=CC=CC2F,100,ethylene glycol,1119104-Y20-C01,I16
Enamine,UC-192873,205,Z27653940,C13H18N2O2,234.294,CC(C)CC(=O)NC=1C=CC(NC(=O)C)=CC1,100,ethylene glycol,1119104-Y20-C01,J16
Enamine,UC-192873,206,Z54226006,C11H11F2NO,211.207,FC=1C=CC=C(F)C1C(=O)N2CCCC2,100,ethylene glycol,1119104-Y20-C01,K16
Enamine,UC-192873,207,Z2856434937,C10H10O4,194.184,CC(=O)C=1C=CC(OCC(=O)O)=CC1,100,ethylene glycol,1119104-Y20-C01,L16
Enamine,UC-192873,208,Z431807512,C8H17N3O3S,235.303,CC(C)N(C)S(=O)(=O)N1CCNC(=O)C1,100,ethylene glycol,1119104-Y20-C01,M16
Enamine,UC-192873,209,Z2856434918,C10H12O3,180.200,CCOC=1C=CC(CC(=O)O)=CC1,100,ethylene glycol,1119104-Y20-C01,N16
Enamine,UC-192873,210,Z437516460,C12H16N2O,204.268,CC=1C=CC(CNC(=O)C2CCC2)=CN1,100,ethylene glycol,1119104-Y20-C01,O16
Enamine,UC-192873,211,Z86416893,C12H13N3OS,247.316,CC(C)C=1C=CC(=CC1)C(=O)NC2=NN=CS2,100,ethylene glycol,1119104-Y20-C01,B17
Enamine,UC-192873,212,Z136583524,C11H10N2O2,202.209,CC=1OC=CC1C(=O)NC=2C=CN=CC2,100,ethylene glycol,1119104-Y20-C01,C17
Enamine,UC-192873,213,Z1650868495,C12H17N3O,219.282,CC=1C=CC(=CC1)N2CCN(CC2)C(=O)N,100,ethylene glycol,1119104-Y20-C01,D17
Enamine,UC-192873,214,Z57260516,C12H17NO2,207.268,COCC(=O)NC=1C(C)=CC(C)=CC1C,100,ethylene glycol,1119104-Y20-C01,E17
Enamine,UC-192873,215,Z32327641,C13H16N2O3,248.277,O=C(C1CC1)N2CCN(CC2)C(=O)C3=CC=CO3,100,ethylene glycol,1119104-Y20-C01,F17
Enamine,UC-192873,216,Z26251905,C11H13N3O,203.240,CC=1C=C2N=CN(CC(=O)N)C2=CC1C,100,ethylene glycol,1119104-Y20-C01,G17
Enamine,UC-192873,217,Z2856434834,C14H20N2O2,248.320,CC=1C=CC=C(NC(=O)CN2CCOCC2)C1C,100,ethylene glycol,1119104-Y20-C01,H17
Enamine,UC-192873,218,Z26548228,C15H18N2O,242.316,O=C(CCC1CCCC1)NC=2C=CC=C(C#N)C2,100,ethylene glycol,1119104-Y20-C01,I17
Enamine,UC-192873,219,Z2204875953,C10H8N2O2,188.182,C1OC=2C=CC(=CC2O1)C=3C=CNN3,100,ethylene glycol,1119104-Y20-C01,J17
Enamine,UC-192873,220,Z27678561,C12H12N2O2S,248.300,COC=1C=CC=2N=C(NC(=O)C3CC3)SC2C1,100,ethylene glycol,1119104-Y20-C01,K17
Enamine,UC-192873,221,Z2856434890,C12H17N3O,219.282,CN1CCN(CC1)C(=O)NC=2C=CC=CC2,100,ethylene glycol,1119104-Y20-C01,L17
Enamine,UC-192873,222,Z26968795,C10H12ClNO3,229.660,COC=1C=C(NC(=O)C)C(OC)=CC1Cl,100,ethylene glycol,1119104-Y20-C01,M17
Enamine,UC-192873,223,Z1430613393,C14H12FNO2,245.248,CC=1C=CC(NC(=O)C=2C=CC=C(F)C2)=CC1O,100,ethylene glycol,1119104-Y20-C01,N17
Enamine,UC-192873,224,Z19735067,C12H14FNO2,223.243,FC=1C=CC(OCC(=O)N2CCCC2)=CC1,100,ethylene glycol,1119104-Y20-C01,O17
Enamine,UC-192873,225,Z29177127,C11H14N2O2,206.241,CC(C)C(=O)NC=1C=CC=C(C1)C(=O)N,100,ethylene glycol,1119104-Y20-C01,B18
Enamine,UC-192873,226,Z839988838,C12H21N3,207.315,CC1=NNC(C)=C1CNC2CCCCC2,100,ethylene glycol,1119104-Y20-C01,C18
Enamine,UC-192873,227,Z26552420,C12H13N5O,243.264,O=C(NC=1C=CC(=CC1)N2C=NN=N2)C3CCC3,100,ethylene glycol,1119104-Y20-C01,D18
Enamine,UC-192873,228,Z729726784,C10H15N3O2,209.245,CC1=NOC(NC(=O)CC2CCCC2)=N1,100,ethylene glycol,1119104-Y20-C01,E18
Enamine,UC-192873,229,Z33545544,C13H17N3O2,247.292,NC(=O)C1CCN(CC1)C(=O)NC=2C=CC=CC2,100,ethylene glycol,1119104-Y20-C01,F18
Enamine,UC-192873,230,Z86417414,C9H6FN3OS,223.226,FC=1C=CC=CC1C(=O)NC2=NN=CS2,100,ethylene glycol,1119104-Y20-C01,G18
Enamine,UC-192873,231,Z2856434902,C14H16N2O,228.289,OC=1C=CC(CN2CCCC2)=C3C=CC=NC13,100,ethylene glycol,1119104-Y20-C01,H18
Enamine,UC-192873,232,Z27682767,C9H12N2O3S,228.268,CCC(=O)NC=1C=CC(=CC1)S(=O)(=O)N,100,ethylene glycol,1119104-Y20-C01,I18
Enamine,UC-192873,233,Z166605480,C9H13ClFN,189.657,Cl.CNC(C)C=1C=CC(F)=CC1,100,ethylene glycol,1119104-Y20-C01,J18
Enamine,UC-192873,234,Z328695024,C10H15N5,205.259,CC(C)N(C)C=1N=CN=C2N(C)N=CC12,100,ethylene glycol,1119104-Y20-C01,K18
Enamine,UC-192873,235,Z94597856,C7H13N3O2S,203.262,CN(C)S(=O)(=O)C=1C(C)=NNC1C,100,ethylene glycol,1119104-Y20-C01,L18
Enamine,UC-192873,236,Z31432009,C11H20N2O2,212.288,CC(NC(=O)C)C(=O)N1CCCCCC1,100,ethylene glycol,1119104-Y20-C01,M18
Enamine,UC-192873,237,Z212045094,C6H14N2O2S,178.252,CS(=O)(=O)NC1CCNCC1,100,ethylene glycol,1119104-Y20-C01,N18
Enamine,UC-192873,238,Z729024430,C10H15N3O,193.245,CCN(CC)C(=O)C=1C=CN=C(C)N1,100,ethylene glycol,1119104-Y20-C01,O18
Enamine,UC-192873,239,Z741055844,C7H9N3O2S,199.230,O=C(N1CCOCC1)C2=CSN=N2,100,ethylene glycol,1119104-Y20-C01,B19
Enamine,UC-192873,240,Z19727416,C9H10ClNO2,199.634,CC(OC=1C=CC(Cl)=CC1)C(=O)N,100,ethylene glycol,1119104-Y20-C01,C19
Enamine,UC-192873,241,Z19733979,C15H15NO2,241.285,CC=1C=CC=CC1OCC(=O)NC=2C=CC=CC2,100,ethylene glycol,1119104-Y20-C01,D19
Enamine,UC-192873,242,Z28143241,C11H8FN3O,217.199,FC=1C=CC=C(NC(=O)C=2C=NC=CN2)C1,100,ethylene glycol,1119104-Y20-C01,E19
Enamine,UC-192873,243,Z44586802,C13H20N2O2,236.310,CCOC=1C=CC(NC(=O)NC(C)(C)C)=CC1,100,ethylene glycol,1119104-Y20-C01,F19
Enamine,UC-192873,244,Z32399948,C13H22N2O2,238.325,NC(=O)C1CCN(CC1)C(=O)C2CCCCC2,100,ethylene glycol,1119104-Y20-C01,G19
Enamine,UC-192873,245,Z57479285,C13H10N4,222.245,C1=NN=NN1C=2C=CC(=CC2)C=3C=CC=CC3,100,ethylene glycol,1119104-Y20-C01,H19
Enamine,UC-192873,246,Z31479594,C11H20N2O2,212.288,CC(C)C(NC(=O)C)C(=O)N1CCCC1,100,ethylene glycol,1119104-Y20-C01,I19
Enamine,UC-192873,247,Z32386228,C12H16ClNO2,241.713,COC=1C=CC(Cl)=CC1C(=O)NCC(C)C,100,ethylene glycol,1119104-Y20-C01,J19
Enamine,UC-192873,248,Z33452282,C15H15NO2,241.285,CC=1C=CC(NC(=O)C=2C=CC=CC2C)=C(O)C1,100,ethylene glycol,1119104-Y20-C01,K19
Enamine,UC-192873,249,Z17497990,C14H19NO3,249.305,CC=1C=CC(OCC(=O)N2CCOCC2)=C(C)C1,100,ethylene glycol,1119104-Y20-C01,L19
Enamine,UC-192873,250,Z31484539,C14H18FNO,235.297,FC=1C=CC(CC(=O)NC2CCCCC2)=CC1,100,ethylene glycol,1119104-Y20-C01,M19
Enamine,UC-192873,251,Z57260539,C10H12N2O3,208.213,COCC(=O)NC=1C=CC=CC1C(=O)N,100,ethylene glycol,1119104-Y20-C01,N19
Enamine,UC-192873,252,Z28226359,C14H17NO3,247.289,COC(=O)C=1C=CC(NC(=O)C2CCCC2)=CC1,100,ethylene glycol,1119104-Y20-C01,O19
Enamine,UC-192873,253,Z45497619,C9H12FNO2S,217.260,CC(C)NS(=O)(=O)C=1C=CC=CC1F,100,ethylene glycol,1119104-Y20-C01,B20
Enamine,UC-192873,254,Z734736324,C11H19N3O,209.288,CCC(C)(C)NC(=O)C1=CC(C)=NN1C,100,ethylene glycol,1119104-Y20-C01,C20
Enamine,UC-192873,255,Z2856434845,C14H12O3,228.243,OC(=O)C=1C=CC(OCC=2C=CC=CC2)=CC1,100,ethylene glycol,1119104-Y20-C01,D20
Enamine,UC-192873,256,Z534296060,C9H15N5O,209.248,CCN1C=NN=C1CNC(=O)N2CCC2,100,ethylene glycol,1119104-Y20-C01,E20
Enamine,UC-192873,257,Z104924088,C11H18N4,206.287,CC(C)N1CCN(CC1)C=2N=CC=CN2,100,ethylene glycol,1119104-Y20-C01,F20
Enamine,UC-192873,258,Z79432418,C9H11N3O2S,225.267,O=C(CN1CCCC1=O)NC2=NC=CS2,100,ethylene glycol,1119104-Y20-C01,G20
Enamine,UC-192873,259,Z56767623,C11H12N2OS,220.290,C1CN(CCO1)C2=NC=3C=CC=CC3S2,100,ethylene glycol,1119104-Y20-C01,H20
Enamine,UC-192873,260,Z355202286,C8H18N2O3S,222.305,CCC1CN(CCO1)S(=O)(=O)N(C)C,100,ethylene glycol,1119104-Y20-C01,I20
Enamine,UC-192873,261,Z384361454,C10H14N2O3,210.229,CC=1C=C(ON1)C(=O)NCC2CCOC2,100,ethylene glycol,1119104-Y20-C01,J20
Enamine,UC-192873,262,Z438096750,C9H18N2O3S,234.315,CC(=O)N1CCCC(CNS(=O)(=O)C)C1,100,ethylene glycol,1119104-Y20-C01,K20
Enamine,UC-192873,263,Z48847633,C12H14N2S,218.317,CC=1SC(N)=NC1C=2C=CC(C)=C(C)C2,100,ethylene glycol,1119104-Y20-C01,L20
Enamine,UC-192873,264,Z100643660,C11H12N2O,188.225,CNC(=O)C1=CN(C)C=2C=CC=CC12,100,ethylene glycol,1119104-Y20-C01,M20
Enamine,UC-192873,265,Z57261895,C10H16N4O,208.260,O=C(CC1CCCCC1)NN2C=NN=C2,100,ethylene glycol,1119104-Y20-C01,N20
Enamine,UC-192873,266,Z422344882,C9H11N3O2S,225.267,CC=1N=CSC1C(=O)N2CCNC(=O)C2,100,ethylene glycol,1119104-Y20-C01,O20
Enamine,UC-192873,267,Z1119505742,C10H15N3O2S,241.31,COC(=O)NC1=NN=C(CC2CCCC2)S1,100,ethylene glycol,1119104-Y20-C01,B21
Enamine,UC-192873,268,Z32367954,C11H11NO3,205.209,O=C(NC1CC1)C=2C=CC=3OCOC3C2,100,ethylene glycol,1119104-Y20-C01,C21
Enamine,UC-192873,269,Z275156196,C6H6F3N3OS,225.191,CCC1=NN=C(NC(=O)C(F)(F)F)S1,100,ethylene glycol,1119104-Y20-C01,D21
Enamine,UC-192873,270,Z235449082,C14H12N2O,224.257,OCC=1C=CC(=CC1)N2C=NC=3C=CC=CC23,100,ethylene glycol,1119104-Y20-C01,E21
Enamine,UC-192873,271,Z108545814,C12H12N2O3,232.235,CCC(=O)NC1=C(OC=2C=CC=CC12)C(=O)N,100,ethylene glycol,1119104-Y20-C01,F21
Enamine,UC-192873,272,Z2856434897,C14H20N2O,232.321,NC(=O)C1CCN(CCC=2C=CC=CC2)CC1,100,ethylene glycol,1119104-Y20-C01,G21
Enamine,UC-192873,273,Z57190020,C14H14N2O2,242.273,COC(=O)NC=1C=CC(CC=2C=CN=CC2)=CC1,100,ethylene glycol,1119104-Y20-C01,H21
Enamine,UC-192873,274,Z28429411,C14H15NOS,245.34,CC=1C=CC(CNC(=O)CC2=CC=CS2)=CC1,100,ethylene glycol,1119104-Y20-C01,I21
Enamine,UC-192873,275,Z45515569,C11H14N2O2S,238.306,CN(CCC#N)S(=O)(=O)C=1C=CC(C)=CC1,100,ethylene glycol,1119104-Y20-C01,J21
Enamine,UC-192873,276,Z44586758,C13H10F2N2O,248.228,FC=1C=CC(NC(=O)NC=2C=CC(F)=CC2)=CC1,100,ethylene glycol,1119104-Y20-C01,K21
Enamine,UC-192873,277,Z1688504114,C9H12N4O,192.217,CC1=NN(C)C(C)=C1NC(=O)CC#N,100,ethylene glycol,1119104-Y20-C01,L21
Enamine,UC-192873,278,Z19731563,C13H14N2O3,246.261,CC1=CC(NC(=O)COC=2C=CC(C)=CC2)=NO1,100,ethylene glycol,1119104-Y20-C01,M21
Enamine,UC-192873,279,Z2856434887,C11H15NO2,193.242,OC=1C=CC=CC1CN2CCOCC2,100,ethylene glycol,1119104-Y20-C01,N21
Enamine,UC-192873,280,Z2856434779,C14H12O2,212.243,OC(=O)CC=1C=CC(=CC1)C=2C=CC=CC2,100,ethylene glycol,1119104-Y20-C01,O21
Enamine,UC-192873,281,Z394039592,C9H14F3NO2,225.208,CC1(C)CN(CCO1)C(=O)CC(F)(F)F,100,ethylene glycol,1119104-Y20-C01,B22
Enamine,UC-192873,282,Z374427992,C10H15N3O,193.245,CN(C)C=1C=C(CNC(=O)C)C=CN1,100,ethylene glycol,1119104-Y20-C01,C22
Enamine,UC-192873,283,Z27805986,C14H11F2NO,247.240,FC=1C=CC(CC(=O)NC=2C=CC(F)=CC2)=CC1,100,ethylene glycol,1119104-Y20-C01,D22
Enamine,UC-192873,284,Z340495298,C11H16N2O2,208.256,CC(C)N(C1CC1)C(=O)C=2C=C(C)ON2,100,ethylene glycol,1119104-Y20-C01,E22
Enamine,UC-192873,285,Z32665176,C15H17NO2,243.300,CC1CCN(CC1)C(=O)C2=CC=3C=CC=CC3O2,100,ethylene glycol,1119104-Y20-C01,F22
Enamine,UC-192873,286,Z287121492,C11H20N2O2,212.288,COC1CCN(CC1)C(=O)NCC2CC2,100,ethylene glycol,1119104-Y20-C01,G22
Enamine,UC-192873,287,Z57515803,C13H10ClNO2,247.677,ClC=1C=CC(COC(=O)C=2C=CC=NC2)=CC1,100,ethylene glycol,1119104-Y20-C01,H22
Enamine,UC-192873,288,Z2856434920,C8H15NO4S,221.274,CCOC(=O)CN1CCS(=O)(=O)CC1,100,ethylene glycol,1119104-Y20-C01,I22
Enamine,UC-192873,289,Z354992234,C9H14ClN3OS,247.744,CC1CN(CC=2N=NSC2Cl)C(C)CO1,100,ethylene glycol,1119104-Y20-C01,J22
Enamine,UC-192873,290,Z1230795916,C9H15N3O,181.234,CC(C)CNC(=O)C1=NC=CN1C,100,ethylene glycol,1119104-Y20-C01,K22
Enamine,UC-192873,291,Z216450634,C9H19NO2S,205.317,CN(C1CCCCCC1)S(=O)(=O)C,100,ethylene glycol,1119104-Y20-C01,L22
Enamine,UC-192873,292,Z54571979,C12H11N3O2,229.234,CC(=O)NC=1C=CC(OC=2N=CC=CN2)=CC1,100,ethylene glycol,1119104-Y20-C01,M22
Enamine,UC-192873,293,Z32400357,C14H18N2O2,246.304,CC=1C=CC=C(C1)C(=O)N2CCC(CC2)C(=O)N,100,ethylene glycol,1119104-Y20-C01,N22
Enamine,UC-192873,294,Z324505866,C9H18N2O3S,234.315,CCS(=O)(=O)N1CCC(CC1)NC(=O)C,100,ethylene glycol,1119104-Y20-C01,O22
Enamine,UC-192873,295,Z57344995,C15H22N2O,246.347,CCC(=O)NC=1C=CC(=CC1)N2CCC(C)CC2,100,ethylene glycol,1119104-Y20-C01,B23
Enamine,UC-192873,296,Z102895082,C10H10N2O3,206.198,COC=1C=CC=2C=NNC(=O)C2C1OC,100,ethylene glycol,1119104-Y20-C01,C23
Enamine,UC-192873,297,Z28429425,C14H15NOS,245.34,CC=1C=CSC1C(=O)NCC=2C=CC(C)=CC2,100,ethylene glycol,1119104-Y20-C01,D23
Enamine,UC-192873,298,Z30272045,C10H13NO3S,227.280,CNC(=O)C=1C=CC(CS(=O)(=O)C)=CC1,100,ethylene glycol,1119104-Y20-C01,E23
Enamine,UC-192873,299,Z2027158783,C8H7N3O2,177.160,CC(=O)NC1=CC=CC2=NON=C12,100,ethylene glycol,1119104-Y20-C01,F23
Enamine,UC-192873,300,Z26333448,C14H11FN2,226.248,FC=1C=CC(CN2C=NC=3C=CC=CC23)=CC1,100,ethylene glycol,1119104-Y20-C01,G23
Enamine,UC-192873,301,Z18197050,C8H9NO4S,215.226,COC(=O)C=1C=CC(=CC1)S(=O)(=O)N,100,ethylene glycol,1119104-Y20-C01,H23
Enamine,UC-192873,302,Z27797417,C13H13NO2S,247.312,COC=1C=CC=CC1NC(=O)C2=CC=C(C)S2,100,ethylene glycol,1119104-Y20-C01,I23
Enamine,UC-192873,303,Z285675722,C12H13N3,199.251,CC=1C=C(C)N=C(NC=2C=CC=CC2)N1,100,ethylene glycol,1119104-Y20-C01,J23
Enamine,UC-192873,304,Z68299550,C11H14ClNO2,227.687,CC(C)(CO)NC(=O)C=1C=CC=C(Cl)C1,100,ethylene glycol,1119104-Y20-C01,K23
Enamine,UC-192873,305,Z19751622,C14H19NOS,249.371,O=C(CSC=1C=CC=CC1)NC2CCCCC2,100,ethylene glycol,1119104-Y20-C01,L23
Enamine,UC-192873,306,Z256709556,C6H6O2S,142.175,CC=1C=CSC1C(=O)O,100,ethylene glycol,1119104-Y20-C01,M23
Enamine,UC-192873,307,Z26794338,C12H9N3O3,243.218,O=C(NC=1C=CC=2NC(=O)NC2C1)C3=CC=CO3,100,ethylene glycol,1119104-Y20-C01,N23
Enamine,UC-192873,308,Z2734782702,C10H12O5,212.199,COC=1C=C(C=C(OC)C1OC)C(=O)O,100,ethylene glycol,1119104-Y20-C01,O23
Enamine,UC-192873,309,Z1333043417,C10H16N4,192.260,CC=1N=CC=C(N1)N2CCC(N)CC2,100,ethylene glycol,1119104-Y20-C02,B02
Enamine,UC-192873,310,Z1263811695,C7H16N2O,144.214,CC1COCCN1CCN,100,ethylene glycol,1119104-Y20-C02,C02
Enamine,UC-192873,311,Z2856434783,C14H14FN,215.266,FC=1C=CC(CNCC=2C=CC=CC2)=CC1,100,ethylene glycol,1119104-Y20-C02,D02
Enamine,UC-192873,312,Z1359419878,C9H8N2O2,176.172,COC=1C=CC=CC1C2=NN=CO2,100,ethylene glycol,1119104-Y20-C02,E02
Enamine,UC-192873,313,Z1407672867,C7H9N3O,151.165,NC(=O)C1=CNC(=N1)C2CC2,100,ethylene glycol,1119104-Y20-C02,F02
Enamine,UC-192873,314,Z1229798311,C9H8FNO3,197.163,CC(=O)NC=1C=CC=C(F)C1C(=O)O,100,ethylene glycol,1119104-Y20-C02,G02
Enamine,UC-192873,315,Z56813508,C9H14N2O,166.220,O=C(CC#N)NC1CCCCC1,100,ethylene glycol,1119104-Y20-C02,H02
Enamine,UC-192873,316,Z220816104,C8H14N2O2,170.208,CC(=O)N1CCCC(C1)C(=O)N,100,ethylene glycol,1119104-Y20-C02,I02
Enamine,UC-192873,317,Z1259162160,C8H13NO3,171.193,CC(=O)NC(C)(C1CC1)C(=O)O,100,ethylene glycol,1119104-Y20-C02,J02
Enamine,UC-192873,318,Z103740620,C9H19NO,157.253,CC(C)N1CCCC(CO)C1,100,ethylene glycol,1119104-Y20-C02,K02
Enamine,UC-192873,319,Z1407673036,C9H13NO2S,199.270,CC(CS(=O)(=O)N)C=1C=CC=CC1,100,ethylene glycol,1119104-Y20-C02,L02
Enamine,UC-192873,320,Z56346825,C13H10ClNO2,247.677,OC=1C=CC(NC(=O)C=2C=CC(Cl)=CC2)=CC1,100,ethylene glycol,1119104-Y20-C02,M02
Enamine,UC-192873,321,Z2856434776,C8H8F3NO,191.150,NCC=1C=CC=CC1OC(F)(F)F,100,ethylene glycol,1119104-Y20-C02,N02
Enamine,UC-192873,322,Z1262327505,C10H15N3,177.246,C(NC=1C=CC=CN1)C2CCNC2,100,ethylene glycol,1119104-Y20-C02,O02
Enamine,UC-192873,323,Z1849009686,C8H10FNO2S,203.233,CC=1C=C(F)C=CC1CS(=O)(=O)N,100,ethylene glycol,1119104-Y20-C02,B03
Enamine,UC-192873,324,Z85934875,C7H15N3O,157.213,CNC(=O)CN1CCNCC1,100,ethylene glycol,1119104-Y20-C02,C03
Enamine,UC-192873,325,Z1362754425,C7H12N2O,140.182,CC(O)CN1C=CN=C1C,100,ethylene glycol,1119104-Y20-C02,D03
Enamine,UC-192873,326,Z1263714198,C8H13N3O,167.208,C(N1CCNCC1)C=2C=CON2,100,ethylene glycol,1119104-Y20-C02,E03
Enamine,UC-192873,327,Z1273141646,C6H8N2O3,156.139,COCC1=CC(=NO1)C(=O)N,100,ethylene glycol,1119104-Y20-C02,F03
Enamine,UC-192873,328,Z192955056,C12H15FN2O2,238.258,COC(=O)N1CCN(CC1)C=2C=CC(F)=CC2,100,ethylene glycol,1119104-Y20-C02,G03
Enamine,UC-192873,329,Z1172243962,C10H13FN2O,196.221,FC=1C=CC(NC2CCOCC2)=NC1,100,ethylene glycol,1119104-Y20-C02,H03
Enamine,UC-192873,330,Z102768020,C11H13N3,187.241,CNCC=1C=NN(C1)C=2C=CC=CC2,100,ethylene glycol,1119104-Y20-C02,I03
Enamine,UC-192873,331,Z300245038,C8H11FN2O2S,218.248,CN(CC=1C=CC=C(F)C1)S(=O)(=O)N,100,ethylene glycol,1119104-Y20-C02,J03
Enamine,UC-192873,332,Z1992316315,C9H21N3,171.283,CN1CCN(CCN)CC1(C)C,100,ethylene glycol,1119104-Y20-C02,K03
Enamine,UC-192873,333,Z68195082,C14H13NO3,243.257,OC=1C=CC=CC1NC(=O)COC=2C=CC=CC2,100,ethylene glycol,1119104-Y20-C02,L03
Enamine,UC-192873,334,Z223688272,C10H11NO3,193.199,CN(C(=O)C)C=1C=CC=CC1C(=O)O,100,ethylene glycol,1119104-Y20-C02,M03
Enamine,UC-192873,335,Z1262246195,C7H12ClF3N2O,232.631,Cl.FC(F)(F)CC(=O)N1CCNCC1,100,ethylene glycol,1119104-Y20-C02,N03
Enamine,UC-192873,336,Z1891772663,C9H15NO4,201.219,CC(=O)NC(C1CCOCC1)C(=O)O,100,ethylene glycol,1119104-Y20-C02,O03
Enamine,UC-192873,337,Z2856434770,C8H10ClN,155.624,CNCC=1C=CC=C(Cl)C1,100,ethylene glycol,1119104-Y20-C02,B04
Enamine,UC-192873,338,Z1635496816,C10H11NO3,193.199,CC(=O)NC=1C=C2OCOC2=CC1C,100,ethylene glycol,1119104-Y20-C02,C04
Enamine,UC-192873,339,Z2177153697,C9H13N3O,179.219,C1CC1C2=NOC(=N2)C3CCNC3,100,ethylene glycol,1119104-Y20-C02,D04
Enamine,UC-192873,340,Z1324853681,C8H11N3O,165.192,NC(=O)C1CCCN2C=CN=C12,100,ethylene glycol,1119104-Y20-C02,E04
Enamine,UC-192873,341,Z1267882046,C8H18N2O,158.241,CN(C)C1(CN)CCOCC1,100,ethylene glycol,1119104-Y20-C02,F04
Enamine,UC-192873,342,Z285782452,C8H11NO2S,185.243,CNC=1C=CC=CC1S(=O)(=O)C,100,ethylene glycol,1119104-Y20-C02,G04
Enamine,UC-192873,343,Z2217052426,C13H19NO,205.296,CC1C(O)CCCN1CC=2C=CC=CC2,100,ethylene glycol,1119104-Y20-C02,H04
Enamine,UC-192873,344,Z1203329531,C8H15NO2,157.210,CC(=O)NCC1(O)CCCC1,100,ethylene glycol,1119104-Y20-C02,I04
Enamine,UC-192873,345,Z1509882419,C6H11N3O2S,189.235,CC(C)N1C=NC(=C1)S(=O)(=O)N,100,ethylene glycol,1119104-Y20-C02,J04
Enamine,UC-192873,346,Z2856434910,C11H12N2O2,204.225,O=C1CN(CC=2C=CC=CC2)CC(=O)N1,100,ethylene glycol,1119104-Y20-C02,K04
Enamine,UC-192873,347,Z287484230,C8H13N3O,167.208,CC1=NN(C)C(C)=C1CC(=O)N,100,ethylene glycol,1119104-Y20-C02,L04
Enamine,UC-192873,348,Z50145861,C10H10N2O,174.199,CC1=NN(C(=O)C1)C=2C=CC=CC2,100,ethylene glycol,1119104-Y20-C02,M04
Enamine,UC-192873,349,Z2510259379,C6H9N3O2,155.154,CC(C)N1C=C(N=N1)C(=O)O,100,ethylene glycol,1119104-Y20-C02,N04
Enamine,UC-192873,350,Z1696822287,C12H13N3,199.251,CC(N)C=1C=CC(=CC1)C=2C=NC=NC2,100,ethylene glycol,1119104-Y20-C02,O04
Enamine,UC-192873,351,Z1874937335,C7H11NO3,157.167,CN(C)C(=O)C1(CC1)C(=O)O,100,ethylene glycol,1119104-Y20-C02,B05
Enamine,UC-192873,352,Z818727262,C8H15NO,141.210,C(NC1CC1)C2CCOC2,100,ethylene glycol,1119104-Y20-C02,C05
Enamine,UC-192873,353,Z1267773786,C7H11N3,137.182,CCNC=1C=CC(C)=NN1,100,ethylene glycol,1119104-Y20-C02,D05
Enamine,UC-192873,354,Z927412236,C9H18N2O,170.252,CC(N)C(=O)N1CCCCC1C,100,ethylene glycol,1119104-Y20-C02,E05
Enamine,UC-192873,355,Z1271660837,C6H12N4,140.186,CCNCC1=CN(C)N=N1,100,ethylene glycol,1119104-Y20-C02,F05
Enamine,UC-192873,356,Z1955122823,C7H6N2O,134.135,COC=1C=CC=NC1C#N,100,ethylene glycol,1119104-Y20-C02,G05
Enamine,UC-192873,357,Z1266854952,C9H19N3O,185.266,CN(C)C(=O)CN1CCC(N)CC1,100,ethylene glycol,1119104-Y20-C02,H05
Enamine,UC-192873,358,Z336089202,C13H13NO,199.248,NC=1C=CC=CC1OCC=2C=CC=CC2,100,ethylene glycol,1119104-Y20-C02,I05
Enamine,UC-192873,359,Z1222331430,C12H16N2O,204.268,CN(C)C(=O)C=1C=CC=2NCCCC2C1,100,ethylene glycol,1119104-Y20-C02,J05
Enamine,UC-192873,360,Z26365442,C15H15NO2,241.285,CC(=O)NC=1C=CC=CC1OCC=2C=CC=CC2,100,ethylene glycol,1119104-Y20-C02,K05
Enamine,UC-192873,361,Z969560582,C6H8N2OS,156.205,CNC(=O)C1=CN=C(C)S1,100,ethylene glycol,1119104-Y20-C02,L05
Enamine,UC-192873,362,Z48847594,C11H11N3OS,233.289,CC(=O)NC=1C=CC(=CC1)C2=CSC(N)=N2,100,ethylene glycol,1119104-Y20-C02,M05
Enamine,UC-192873,363,Z291279160,C8H7F3N2OS,236.214,NC(=S)NC=1C=CC=CC1OC(F)(F)F,100,ethylene glycol,1119104-Y20-C02,N05
Enamine,UC-192873,364,Z1526748660,C7H11F2NO,163.165,NC(=O)C1CCC(F)(F)CC1,100,ethylene glycol,1119104-Y20-C02,O05
Enamine,UC-192873,365,Z2856434786,C7H10N2,122.167,CNCC=1C=CN=CC1,100,ethylene glycol,1119104-Y20-C02,B06
Enamine,UC-192873,366,Z927400026,C9H18N2O2,186.251,CC(C)C(N)C(=O)N1CCOCC1,100,ethylene glycol,1119104-Y20-C02,C06
Enamine,UC-192873,367,Z1350579414,C8H13N3O,167.208,CCC1=NC(=NO1)C2CCCN2,100,ethylene glycol,1119104-Y20-C02,D06
Enamine,UC-192873,368,Z228585842,C7H14N2O2,158.198,CN1CCN(CC1)C(=O)CO,100,ethylene glycol,1119104-Y20-C02,E06
Enamine,UC-192873,369,Z53825177,C8H10FNO2S,203.233,CCS(=O)(=O)NC=1C=CC=CC1F,100,ethylene glycol,1119104-Y20-C02,F06
Enamine,UC-192873,370,Z2856434839,C7H15Cl2N3,212.120,Cl.Cl.CCN1N=CC=C1CNC,100,ethylene glycol,1119104-Y20-C02,G06
Enamine,UC-192873,371,Z57040482,C8H9NO2,151.162,CC(=O)NC=1C=CC=CC1O,100,ethylene glycol,1119104-Y20-C02,H06
Enamine,UC-192873,372,Z1268152398,C6H7F3N2O,180.127,CCN1N=C(CC1=O)C(F)(F)F,100,ethylene glycol,1119104-Y20-C02,I06
Enamine,UC-192873,373,Z1324080698,C7H8FNO2S,189.207,CC=1C=C(F)C=C(C1)S(=O)(=O)N,100,ethylene glycol,1119104-Y20-C02,J06
Enamine,UC-192873,374,Z943693514,C9H11NO3,181.188,COCC(=O)NC=1C=CC(O)=CC1,100,ethylene glycol,1119104-Y20-C02,K06
Enamine,UC-192873,375,Z1374778753,C9H8ClN3O,209.632,OCC1=CN(N=N1)C=2C=CC(Cl)=CC2,100,ethylene glycol,1119104-Y20-C02,L06
Enamine,UC-192873,376,Z1896597864,C6H6N4,134.138,CNC=1N=CC=NC1C#N,100,ethylene glycol,1119104-Y20-C02,M06
Enamine,UC-192873,377,Z2444997172,C10H17FN4,212.267,CN1N=CC=C1CN2C[C@@H](F)C[C@H]2CN,100,ethylene glycol,1119104-Y20-C02,N06
Enamine,UC-192873,378,Z30820160,C7H10N2OS,170.232,CCC(=O)NC1=NC(C)=CS1,100,ethylene glycol,1119104-Y20-C02,O06
Enamine,UC-192873,379,Z55671900,C9H8F2O2,186.155,CC(=O)C=1C=CC(OC(F)F)=CC1,100,ethylene glycol,1119104-Y20-C02,B07
Enamine,UC-192873,380,Z1238477757,C7H15N3O,157.213,CN(C)C(=O)N1CCNCC1,100,ethylene glycol,1119104-Y20-C02,C07
Enamine,UC-192873,381,Z1238477790,C9H15NO3,185.220,CC(NC(=O)C1CCCC1)C(=O)O,100,ethylene glycol,1119104-Y20-C02,D07
Enamine,UC-192873,382,Z383325512,C6H9N3O,139.155,CC(=O)NCC=1C=NNC1,100,ethylene glycol,1119104-Y20-C02,E07
Enamine,UC-192873,383,Z1171979201,C10H12N2O3,208.213,CN(C)C(=O)C=1C=CC(C(=O)O)=C(C)N1,100,ethylene glycol,1119104-Y20-C02,F07
Enamine,UC-192873,384,Z1954800564,C8H8N2OS,180.226,COC=1C=CC=2SC(N)=NC2C1,100,ethylene glycol,1119104-Y20-C02,G07
Enamine,UC-192873,385,Z85895198,C10H10FNO3,211.189,CN(CC(=O)O)C(=O)C=1C=CC(F)=CC1,100,ethylene glycol,1119104-Y20-C02,H07
Enamine,UC-192873,386,Z425387594,C12H19ClN2O,242.745,Cl.CCOC=1C=CC=CC1N2CCNCC2,100,ethylene glycol,1119104-Y20-C02,I07
Enamine,UC-192873,387,Z969560308,C12H14N2OS,234.317,CC(C)OC=1C=CC(=CC1)C2=CSC(N)=N2,100,ethylene glycol,1119104-Y20-C02,J07
Enamine,UC-192873,388,Z1741794237,C7H16N2O,144.214,CC1CNCCN1CCO,100,ethylene glycol,1119104-Y20-C02,K07
Enamine,UC-192873,389,Z1267881672,C11H15N3O,205.256,CC=1C=CC=C(NC(=O)[C@@H]2CCCN2)N1,100,ethylene glycol,1119104-Y20-C02,L07
Enamine,UC-192873,390,Z228585534,C8H15NO2,157.210,CC1CCCN(C1)C(=O)CO,100,ethylene glycol,1119104-Y20-C02,M07
Enamine,UC-192873,391,Z55290386,C13H11FN2O2,246.237,OC=1C=CC=C(NC(=O)NC=2C=CC(F)=CC2)C1,100,ethylene glycol,1119104-Y20-C02,N07
Enamine,UC-192873,392,Z1169060901,C7H15NO2,145.199,CNC1(CO)CCOCC1,100,ethylene glycol,1119104-Y20-C02,O07
Enamine,UC-192873,393,Z1245580425,C8H18N2,142.241,CC1CCCCN1CCN,100,ethylene glycol,1119104-Y20-C02,B08
Enamine,UC-192873,394,Z1703168683,C8H10FNO2S,203.233,CC=1C=CC(CS(=O)(=O)N)=CC1F,100,ethylene glycol,1119104-Y20-C02,C08
Enamine,UC-192873,395,Z2856434905,C6H13NO,115.173,CN1CCC[C@@H]1CO,100,ethylene glycol,1119104-Y20-C02,D08
Enamine,UC-192873,396,Z755044716,C5H8N4O,140.143,CCNC(=O)C1=CNN=N1,100,ethylene glycol,1119104-Y20-C02,E08
Enamine,UC-192873,397,Z2429435052,C8H18N2O,158.241,CC(C)(O)CN1CC[C@H](N)C1,100,ethylene glycol,1119104-Y20-C02,F08
Enamine,UC-192873,398,Z1203191681,C6H9N3O,139.155,CC(=O)NCC1=NC=CN1,100,ethylene glycol,1119104-Y20-C02,G08
Enamine,UC-192873,399,Z1891776064,C9H7Cl2N3O,244.077,OCC1=CN(N=N1)C=2C=CC(Cl)=C(Cl)C2,100,ethylene glycol,1119104-Y20-C02,H08
Enamine,UC-192873,400,Z1312590981,C7H13NO3,159.183,NC(=O)C(O)C1CCOCC1,100,ethylene glycol,1119104-Y20-C02,I08
Enamine,UC-192873,401,Z2856434938,C12H16N2O,204.268,COC=1C=CC=2NC=C(CN(C)C)C2C1,100,ethylene glycol,1119104-Y20-C02,J08
Enamine,UC-192873,402,Z1816233707,C8H8N2O3,180.160,CNC(=O)C=1C=CC=C(N1)C(=O)O,100,ethylene glycol,1119104-Y20-C02,K08
Enamine,UC-192873,403,Z210803634,C10H15NO,165.232,CCOC=1C=CC(=CC1)C(C)N,100,ethylene glycol,1119104-Y20-C02,L08
Enamine,UC-192873,404,Z1992316287,C8H12N2,136.194,CCNC=1N=CC=CC1C,100,ethylene glycol,1119104-Y20-C02,M08
Enamine,UC-192873,405,Z818732104,C7H16N2O,144.214,CC(N)CN1CCOCC1,100,ethylene glycol,1119104-Y20-C02,N08
Enamine,UC-192873,406,Z1137725943,C11H14N2,174.242,CCNCC=1C=CC=C2NC=CC12,100,ethylene glycol,1119104-Y20-C02,O08
Enamine,UC-192873,407,Z30932204,C9H12N2O3S,228.268,CC(=O)NCC=1C=CC(=CC1)S(=O)(=O)N,100,ethylene glycol,1119104-Y20-C02,B09
Enamine,UC-192873,408,Z1139246057,C10H16N4,192.260,CNC1CCCN(C1)C=2C=CC=NN2,100,ethylene glycol,1119104-Y20-C02,C09
Enamine,UC-192873,409,Z319545618,C12H11N3,197.235,CC1=NC=CN1CC=2C=CC=C(C#N)C2,100,ethylene glycol,1119104-Y20-C02,D09
Enamine,UC-192873,410,Z2092396826,C9H18N2O,170.252,CN(C)C(=O)C1CCCC(N)C1,100,ethylene glycol,1119104-Y20-C02,E09
Enamine,UC-192873,411,Z57345491,C12H18Cl2N2,261.190,Cl.CC1CCN(CC1)C=2C=CC(N)=CC2Cl,100,ethylene glycol,1119104-Y20-C02,F09
Enamine,UC-192873,412,Z359352902,C8H12ClNO3,205.638,Cl.CN(C)CC1=CC=C(O1)C(=O)O,100,ethylene glycol,1119104-Y20-C02,G09
Enamine,UC-192873,413,Z1367324110,C10H14N2O2S,226.295,CN1CCCC=2C=CC(=CC12)S(=O)(=O)N,100,ethylene glycol,1119104-Y20-C02,H09
Enamine,UC-192873,414,Z915492990,C10H11N3OS,221.278,CN1N=CC=C1C(=O)NCC2=CC=CS2,100,ethylene glycol,1119104-Y20-C02,I09
Enamine,UC-192873,415,Z26548083,C11H12N2O,188.225,CC(C)C(=O)NC=1C=CC=C(C#N)C1,100,ethylene glycol,1119104-Y20-C02,J09
Enamine,UC-192873,416,Z52214433,C9H11NO,149.189,CC=1C=CC=CC1CC(=O)N,100,ethylene glycol,1119104-Y20-C02,K09
Enamine,UC-192873,417,Z1745658474,C6H4F3N3O,191.110,NC(=O)C=1C=NC(=NC1)C(F)(F)F,100,ethylene glycol,1119104-Y20-C02,L09
Enamine,UC-192873,418,Z235361235,C11H15NO2,193.242,OCC=1C=CC=CC1N2CCOCC2,100,ethylene glycol,1119104-Y20-C02,M09
Enamine,UC-192873,419,Z1348559502,C7H14N2O,142.198,CNC1(CCCC1)C(=O)N,100,ethylene glycol,1119104-Y20-C02,N09
Enamine,UC-192873,420,Z241832786,C10H19N3O,197.277,CN1CCN(CC1)C(=O)C2CCCN2,100,ethylene glycol,1119104-Y20-C02,O09
Enamine,UC-192873,421,Z1245537943,C11H16N2O,192.257,CCC(=O)NC=1C=CC(=CC1)C(C)N,100,ethylene glycol,1119104-Y20-C02,B10
Enamine,UC-192873,422,Z1507502062,C11H13NO2,191.226,COC=1C=CC=C2NC(=O)CCCC12,100,ethylene glycol,1119104-Y20-C02,C10
Enamine,UC-192873,423,Z1082839290,C10H19NO3S,233.327,O=S(=O)(NC1CCCC1)C2CCOCC2,100,ethylene glycol,1119104-Y20-C02,D10
Enamine,UC-192873,424,Z2697514548,C9H9N3O,175.187,CN1N=C(C(=O)N)C=2C=CC=CC12,100,ethylene glycol,1119104-Y20-C02,E10
Enamine,UC-192873,425,Z927746322,C9H13N3O,179.219,CNCC(=O)NC=1C=C(C)C=CN1,100,ethylene glycol,1119104-Y20-C02,F10
Enamine,UC-192873,426,Z933326822,C13H13NO,199.248,NC=1C=CC=C(OCC=2C=CC=CC2)C1,100,ethylene glycol,1119104-Y20-C02,G10
Enamine,UC-192873,427,Z168883358,C7H14N2O,142.198,CC(=O)N1CCCNCC1,100,ethylene glycol,1119104-Y20-C02,H10
Enamine,UC-192873,428,Z364368134,C10H11NO3,193.199,CC(=O)NC=1C=CC=C(C(=O)O)C1C,100,ethylene glycol,1119104-Y20-C02,I10
Enamine,UC-192873,429,Z2940170964,C11H15NO3,209.241,CN1CCC[C@H](C1)OC(=O)C2=CC=CO2,100,ethylene glycol,1119104-Y20-C02,J10
Enamine,UC-192873,430,Z56347187,C8H7N3S,177.226,N(C1=NN=CS1)C=2C=CC=CC2,100,ethylene glycol,1119104-Y20-C02,K10
Enamine,UC-192873,431,Z54633859,C8H12N2O,152.193,CN(CCO)C=1C=CC=CN1,100,ethylene glycol,1119104-Y20-C02,L10
Enamine,UC-192873,432,Z1129283193,C8H10N2O,150.177,CC(=O)NC=1C=NC=CC1C,100,ethylene glycol,1119104-Y20-C02,M10
Enamine,UC-192873,433,Z1713595338,C6H14N2O2S,178.252,CS(=O)(=O)N1CCC[C@@H]1CN,100,ethylene glycol,1119104-Y20-C02,N10
Enamine,UC-192873,434,Z2434225559,C9H11ClN2O,198.649,Cl.NC(=O)C=1C=CC=2NCCC2C1,100,ethylene glycol,1119104-Y20-C02,O10
Enamine,UC-192873,435,Z274575916,C10H16N4,192.260,CC=1C=C(N=C(C)N1)N2CCNCC2,100,ethylene glycol,1119104-Y20-C02,B11
Enamine,UC-192873,436,Z2293643386,C8H13NO4,187.193,CC(=O)N1CCCC(O)(C1)C(=O)O,100,ethylene glycol,1119104-Y20-C02,C11
Enamine,UC-192873,437,Z1757321532,C10H17ClN4O,244.721,Cl.CNC(=O)C=1C=CN(N1)C2CCCNC2,100,ethylene glycol,1119104-Y20-C02,D11
Enamine,UC-192873,438,Z26781952,C12H15N3O,217.267,CCCC(=O)NCC1=NC=2C=CC=CC2N1,100,ethylene glycol,1119104-Y20-C02,E11
Enamine,UC-192873,439,Z1003207278,C8H17NO2S,191.291,CNS(=O)(=O)CC1CCCCC1,100,ethylene glycol,1119104-Y20-C02,F11
Enamine,UC-192873,440,Z44590919,C9H17N3O2,199.250,CCNC(=O)N1CCN(CC1)C(=O)C,100,ethylene glycol,1119104-Y20-C02,G11
Enamine,UC-192873,441,Z1258992717,C12H16N2O,204.268,O=C(NC1CCCNC1)C=2C=CC=CC2,100,ethylene glycol,1119104-Y20-C02,H11
Enamine,UC-192873,442,Z54628157,C7H6ClF3N2,210.584,CNC=1N=CC(=CC1Cl)C(F)(F)F,100,ethylene glycol,1119104-Y20-C02,I11
Enamine,UC-192873,443,Z2856434906,C9H10O3,166.173,OC(=O)COCC=1C=CC=CC1,100,ethylene glycol,1119104-Y20-C02,J11
Enamine,UC-192873,444,Z275165822,C12H15ClN2O,238.713,CC(=O)N1CCN(CC1)C=2C=CC(Cl)=CC2,100,ethylene glycol,1119104-Y20-C02,K11
Enamine,UC-192873,445,Z2234920345,C11H13N5O2,247.253,COC=1C=CC(C)=CC1NC(=O)NN2C=NN=C2,100,ethylene glycol,1119104-Y20-C02,L11
Enamine,UC-192873,446,Z85956652,C9H12Cl2N2O,235.110,Cl.CC=1C(Cl)=CC=CC1NC(=O)CN,100,ethylene glycol,1119104-Y20-C02,M11
Enamine,UC-192873,447,Z1515654336,C6H7F2N3O,175.136,CN1C=C(C(=O)N)C(=N1)C(F)F,100,ethylene glycol,1119104-Y20-C02,N11
Enamine,UC-192873,448,Z55009317,C10H14F3N3O,249.232,CC(C)(C)NC(=O)CN1C=CC(=N1)C(F)(F)F,100,ethylene glycol,1119104-Y20-C02,O11
Enamine,UC-192873,449,Z1891776952,C8H16Cl2N4,239.145,Cl.Cl.C(C1CCCCN1)N2C=CN=N2,100,ethylene glycol,1119104-Y20-C02,B12
Enamine,UC-192873,450,Z1273312153,C10H10N2O,174.199,CNC(=O)C=1C=CC=C2C=CNC12,100,ethylene glycol,1119104-Y20-C02,C12
Enamine,UC-192873,451,Z1636723439,C6H12N2O2,144.171,CNC(=O)C1CNCCO1,100,ethylene glycol,1119104-Y20-C02,D12
Enamine,UC-192873,452,Z2856434816,C11H12N2S,204.291,C(NCC=1C=CN=CC1)C2=CC=CS2,100,ethylene glycol,1119104-Y20-C02,E12
Enamine,UC-192873,453,Z1603775714,C8H12N2O,152.193,CNCC=1C=CC=C(OC)N1,100,ethylene glycol,1119104-Y20-C02,F12
Enamine,UC-192873,454,Z1454310449,C10H10FN3,191.204,FC=1C=CC=CC1CNC=2C=NNC2,100,ethylene glycol,1119104-Y20-C02,G12
Enamine,UC-192873,455,Z2856434809,C9H10F3N,189.177,CNCC=1C=CC(=CC1)C(F)(F)F,100,ethylene glycol,1119104-Y20-C02,H12
Enamine,UC-192873,456,Z1148747945,C8H10N2O,150.177,CC(=O)NC=1C=CN=CC1C,100,ethylene glycol,1119104-Y20-C02,I12
Enamine,UC-192873,457,Z2856434917,C9H13NO2,167.205,COC=1C=CC(CN)=CC1OC,100,ethylene glycol,1119104-Y20-C02,J12
Enamine,UC-192873,458,Z26333434,C15H11N3,233.267,N#CC=1C=CC(CN2C=NC=3C=CC=CC23)=CC1,100,ethylene glycol,1119104-Y20-C02,K12
Enamine,UC-192873,459,Z2444997446,C10H16FN3S,229.317,CC1=NC(CN2C[C@@H](F)C[C@H]2CN)=CS1,100,ethylene glycol,1119104-Y20-C02,L12
Enamine,UC-192873,460,Z1742054999,C9H16N4O,196.249,CN(C)C1=NOC(=N1)C2CCNCC2,100,ethylene glycol,1119104-Y20-C02,M12
Enamine,UC-192873,461,Z1269638430,C7H14N2O2,158.198,CC(=O)NCC1CNCCO1,100,ethylene glycol,1119104-Y20-C02,N12
Enamine,UC-192873,462,Z26781964,C13H11N3O2,241.245,O=C(NCC1=NC=2C=CC=CC2N1)C3=CC=CO3,100,ethylene glycol,1119104-Y20-C02,O12
Enamine,UC-192873,463,Z1578665941,C8H14N4S,198.288,CC1=NSC(=N1)N2CCCNCC2,100,ethylene glycol,1119104-Y20-C02,B13
Enamine,UC-192873,464,Z1250132788,C9H14N2,150.220,CCC(NC)C=1C=CN=CC1,100,ethylene glycol,1119104-Y20-C02,C13
Enamine,UC-192873,465,Z1259341037,C8H12N2,136.194,CC(C)NC=1C=CC=NC1,100,ethylene glycol,1119104-Y20-C02,D13
Enamine,UC-192873,466,Z372500232,C9H8N4O,188.186,O=C(NC=1C=NNC1)C=2C=CN=CC2,100,ethylene glycol,1119104-Y20-C02,E13
Enamine,UC-192873,467,Z271004858,C11H11N3O2S,249.288,NC=1C=CC(=CC1)S(=O)(=O)NC=2C=CC=CN2,100,ethylene glycol,1119104-Y20-C02,F13
Enamine,UC-192873,468,Z2092370954,C10H14N2O,178.230,CCN(C)C(=O)C=1C=CC=C(N)C1,100,ethylene glycol,1119104-Y20-C02,G13
Enamine,UC-192873,469,Z1354416068,C10H12N2O,176.215,CC(=O)N1CC=2C=CC(N)=CC2C1,100,ethylene glycol,1119104-Y20-C02,H13
Enamine,UC-192873,470,Z198195770,C9H11N3O2,193.202,CC(=O)NC=1C=CC=C(NC(=O)N)C1,100,ethylene glycol,1119104-Y20-C02,I13
Enamine,UC-192873,471,Z2856434798,C14H16N2O2,244.289,OC=1C=CC(CN2CCOCC2)=C3C=CC=NC13,100,ethylene glycol,1119104-Y20-C02,J13
Enamine,UC-192873,472,Z752989138,C10H16N2O,180.246,CCN(CCO)C=1C=CC(N)=CC1,100,ethylene glycol,1119104-Y20-C02,K13
Enamine,UC-192873,473,Z1444783243,C10H11NO3,193.199,CC(=O)NC=1C=CC=CC1CC(=O)O,100,ethylene glycol,1119104-Y20-C02,L13
Enamine,UC-192873,474,Z2327226304,C9H20N2O,172.267,CNC(C)(C)CN1CCOCC1,100,ethylene glycol,1119104-Y20-C02,M13
Enamine,UC-192873,475,Z1827898537,C11H16N2,176.258,C(NC1CCNC1)C=2C=CC=CC2,100,ethylene glycol,1119104-Y20-C02,N13
Enamine,UC-192873,476,Z56792776,C12H15F3N2,244.256,NC=1C=C(C=CC1N2CCCCC2)C(F)(F)F,100,ethylene glycol,1119104-Y20-C02,O13
Enamine,UC-192873,477,Z1501469697,C7H10N2O,138.167,CC1=CC=C(N)C(=O)N1C,100,ethylene glycol,1119104-Y20-C02,B14
Enamine,UC-192873,478,Z53825020,C8H15NO4S,221.274,CCS(=O)(=O)N1CCC(CC1)C(=O)O,100,ethylene glycol,1119104-Y20-C02,C14
Enamine,UC-192873,479,Z2064898339,C14H19NO2,233.306,CC=1C=CC(CC(=O)NC[C@@H]2CCCO2)=CC1,100,ethylene glycol,1119104-Y20-C02,D14
Enamine,UC-192873,480,Z48847639,C12H14N2S,218.317,CCC=1C=CC(=CC1)C=2N=C(N)SC2C,100,ethylene glycol,1119104-Y20-C02,E14
Enamine,UC-192873,481,Z2856434888,C7H13N3,139.198,CCN1C=CC(CNC)=N1,100,ethylene glycol,1119104-Y20-C02,F14
Enamine,UC-192873,482,Z270979606,C10H13NO,163.216,CC(C)(C(=O)N)C=1C=CC=CC1,100,ethylene glycol,1119104-Y20-C02,G14
Enamine,UC-192873,483,Z1824511473,C7H11NO4,173.166,CC(=O)N1C[C@H](O)C[C@@H]1C(=O)O,100,ethylene glycol,1119104-Y20-C02,H14
Enamine,UC-192873,484,Z165170770,C8H10N2O3S,214.241,CNC(=O)C=1C=CC(=CC1)S(=O)(=O)N,100,ethylene glycol,1119104-Y20-C02,I14
Enamine,UC-192873,485,Z812517112,C8H13N3S,183.273,C(N1CCNCC1)C2=CSC=N2,100,ethylene glycol,1119104-Y20-C02,J14
Enamine,UC-192873,486,Z1263529721,C10H14N2,162.231,CC(NC1CC1)C=2C=CC=NC2,100,ethylene glycol,1119104-Y20-C02,K14
Enamine,UC-192873,487,Z19684186,C7H7NO2,137.135,COC(=O)C=1C=CN=CC1,100,ethylene glycol,1119104-Y20-C02,L14
Enamine,UC-192873,488,Z56791867,C10H15N5,205.259,CCN(CC)C1=CC(C)=NC2=NC=NN12,100,ethylene glycol,1119104-Y20-C02,M14
Enamine,UC-192873,489,Z2442269480,C11H14ClN3O,239.701,Cl.CC1=NOC(CC(N)C=2C=CC=CC2)=N1,100,ethylene glycol,1119104-Y20-C02,N14
Enamine,UC-192873,490,Z1259273388,C6H11N5O,169.184,CN(C)C(=O)CN1C=NC(N)=N1,100,ethylene glycol,1119104-Y20-C02,O14
Enamine,UC-192873,491,Z57478994,C4H7N3OS,145.182,COCC1=NN=C(N)S1,100,ethylene glycol,1119104-Y20-C02,B15
Enamine,UC-192873,492,Z198194394,C11H14FN3O,223.246,NC(=O)N1CCN(CC1)C=2C=CC(F)=CC2,100,ethylene glycol,1119104-Y20-C02,C15
Enamine,UC-192873,493,Z235341991,C10H15ClN2O2,230.691,Cl.COC=1C=CC(C)=CC1NC(=O)CN,100,ethylene glycol,1119104-Y20-C02,D15
Enamine,UC-192873,494,Z56767614,C10H8F3NO3,247.170,COC(=O)C=1C=CC(NC(=O)C(F)(F)F)=CC1,100,ethylene glycol,1119104-Y20-C02,E15
Enamine,UC-192873,495,Z1904249627,C10H14N2OS,210.295,CNC(=O)C1CCCC=2SC(C)=NC12,100,ethylene glycol,1119104-Y20-C02,F15
Enamine,UC-192873,496,Z85525355,C15H16N2O,240.300,CC(C)C=1C=CC(=CC1)C(=O)NC=2C=CC=CN2,100,ethylene glycol,1119104-Y20-C02,G15
Enamine,UC-192873,497,Z90664455,C7H14N2O,142.198,CC(=O)N1CCC(N)CC1,100,ethylene glycol,1119104-Y20-C02,H15
Enamine,UC-192873,498,Z1259086950,C12H17NO2,207.268,OCC1CN(CC=2C=CC=CC2)CCO1,100,ethylene glycol,1119104-Y20-C02,I15
Enamine,UC-192873,499,Z2856434778,C8H5F3O3,206.118,OC(=O)C=1C=CC=CC1OC(F)(F)F,100,ethylene glycol,1119104-Y20-C02,J15
Enamine,UC-192873,500,Z31432964,C10H18N2O2,198.262,CN1CCN(CC1)C(=O)C2CCCO2,100,ethylene glycol,1119104-Y20-C02,K15
Enamine,UC-192873,501,Z31721097,C7H13NO3,159.183,CCOC(=O)N1CCOCC1,100,ethylene glycol,1119104-Y20-C02,L15
Enamine,UC-192873,502,Z1266823232,C8H14N2S,170.275,CNC(C)C=1SC(C)=NC1C,100,ethylene glycol,1119104-Y20-C02,M15
Enamine,UC-192873,503,Z1562205518,C6H9N3O2,155.154,NC(=O)C=1C=NN(CCO)C1,100,ethylene glycol,1119104-Y20-C02,N15
Enamine,UC-192873,504,Z219104216,C8H9N3,147.177,CCNC=1C=CC(C#N)=CN1,100,ethylene glycol,1119104-Y20-C02,O15
Enamine,UC-192873,505,Z1868430535,C6H9NO3,143.140,CC(=O)N1CC(C1)C(=O)O,100,ethylene glycol,1119104-Y20-C02,B16
Enamine,UC-192873,506,Z53116498,C11H13N3O,203.240,CC1=NC=2C=CC=CC2N1CCC(=O)N,100,ethylene glycol,1119104-Y20-C02,C16
Enamine,UC-192873,507,Z1741966630,C8H18N2,142.241,CC(C)(N)CN1CCCC1,100,ethylene glycol,1119104-Y20-C02,D16
Enamine,UC-192873,508,Z1171978788,C9H10N2O3,194.187,CN(CC(=O)O)C(=O)C=1C=CC=CN1,100,ethylene glycol,1119104-Y20-C02,E16
Enamine,UC-192873,509,Z1741785925,C7H14N2O,142.198,CC1CCNC(C1)C(=O)N,100,ethylene glycol,1119104-Y20-C02,F16
Enamine,UC-192873,510,Z1613492358,C7H12N2O,140.182,CC(O)CCN1C=CC=N1,100,ethylene glycol,1119104-Y20-C02,G16
Enamine,UC-192873,511,Z281802060,C6H9N3O,139.155,CNC=1N=CC=C(OC)N1,100,ethylene glycol,1119104-Y20-C02,H16
Enamine,UC-192873,512,Z1495385241,C8H11N3O,165.192,CN(C)C(=O)C=1C=CN=C(N)C1,100,ethylene glycol,1119104-Y20-C02,I16
Enamine,UC-192873,513,Z2856434773,C9H17NO2,171.236,CCOC(=O)CN1CCCCC1,100,ethylene glycol,1119104-Y20-C02,J16
Enamine,UC-192873,514,Z19234337,C10H9NO3,191.183,COC(=O)COC=1C=CC(C#N)=CC1,100,ethylene glycol,1119104-Y20-C02,K16
Enamine,UC-192873,515,Z2442288995,C11H14ClN3O,239.701,Cl.CC(N)C1=NC(CC=2C=CC=CC2)=NO1,100,ethylene glycol,1119104-Y20-C02,L16
Enamine,UC-192873,516,Z90526999,C9H19NO,157.253,CC(O)CNC1CCCCC1,100,ethylene glycol,1119104-Y20-C02,M16
Enamine,UC-192873,517,Z1419497132,C6H8N2O2,140.139,OCCN1C=NC=CC1=O,100,ethylene glycol,1119104-Y20-C02,N16
Enamine,UC-192873,518,Z2327226104,C10H9N3O2,203.197,CC=1C=CC=CC1N2C=C(N=N2)C(=O)O,100,ethylene glycol,1119104-Y20-C02,O16
Enamine,UC-192873,519,Z1203252645,C8H10N2O,150.177,CN(C(=O)C)C=1C=CC=NC1,100,ethylene glycol,1119104-Y20-C02,B17
Enamine,UC-192873,520,Z1530301542,C8H9N3S,179.242,CCC1=CSC(=N1)C2=CNC=N2,100,ethylene glycol,1119104-Y20-C02,C17
Enamine,UC-192873,521,Z1267773633,C7H12N2S,156.248,CCC1=NC=C(CNC)S1,100,ethylene glycol,1119104-Y20-C02,D17
Enamine,UC-192873,522,Z1203884549,C5H9N3O2S,175.208,CN(C)S(=O)(=O)C1=CNC=N1,100,ethylene glycol,1119104-Y20-C02,E17
Enamine,UC-192873,523,Z1267882044,C10H14N2O,178.230,C(NC=1C=CN=CC1)C2CCCO2,100,ethylene glycol,1119104-Y20-C02,F17
Enamine,UC-192873,524,Z461898648,C6H9N3O,139.155,CN(C)C(=O)C=1C=NNC1,100,ethylene glycol,1119104-Y20-C02,G17
Enamine,UC-192873,525,Z1267885772,C11H17N3,191.272,CC1CN(CCN1)C=2C=CC=C(C)N2,100,ethylene glycol,1119104-Y20-C02,H17
Enamine,UC-192873,526,Z364321922,C9H8FNO3,197.163,CC(=O)NC=1C=CC(F)=C(C1)C(=O)O,100,ethylene glycol,1119104-Y20-C02,I17
Enamine,UC-192873,527,Z364328788,C9H8FNO3,197.163,CC(=O)NC=1C=C(C=CC1F)C(=O)O,100,ethylene glycol,1119104-Y20-C02,J17
Enamine,UC-192873,528,Z1267773566,C7H13N3O,155.197,CC(C)C(N)C1=NC(C)=NO1,100,ethylene glycol,1119104-Y20-C02,K17
Enamine,UC-192873,529,Z1437171658,C7H13N3,139.198,CNC(C)C=1C=NN(C)C1,100,ethylene glycol,1119104-Y20-C02,L17
Enamine,UC-192873,530,Z1650040241,C7H14N2O,142.198,CCC(=O)NC1CCNC1,100,ethylene glycol,1119104-Y20-C02,M17
Enamine,UC-192873,531,Z1267773591,C10H20N2O,184.278,C(C1CCOCC1)N2CCNCC2,100,ethylene glycol,1119104-Y20-C02,N17
Enamine,UC-192873,532,Z56772132,C13H16N2O3,248.277,COC=1C=CC(CCC2(C)NC(=O)NC2=O)=CC1,100,ethylene glycol,1119104-Y20-C02,O17
Enamine,UC-192873,533,Z2217033030,C7H11N5O,181.195,NC=1NN=NC1C(=O)N2CCCC2,100,ethylene glycol,1119104-Y20-C02,B18
Enamine,UC-192873,534,Z126932614,C9H10N2O2S,210.252,CS(=O)(=O)CC1=NC=2C=CC=CC2N1,100,ethylene glycol,1119104-Y20-C02,C18
Enamine,UC-192873,535,Z2004563941,C10H16N2O,180.246,CC(O)C=1C=NN(C1)C2CCCC2,100,ethylene glycol,1119104-Y20-C02,D18
Enamine,UC-192873,536,Z1741966151,C7H16N2O2S,192.279,CS(=O)(=O)NCC1CCNCC1,100,ethylene glycol,1119104-Y20-C02,E18
Enamine,UC-192873,537,Z56978034,C8H7FO3,170.137,OC(=O)COC=1C=CC(F)=CC1,100,ethylene glycol,1119104-Y20-C02,F18
Enamine,UC-192873,538,Z1492796719,C11H14N2O,190.241,CC(=O)NC1CNC=2C=CC=CC2C1,100,ethylene glycol,1119104-Y20-C02,G18
Enamine,UC-192873,539,Z2235831719,C9H14N4O,194.233,CN1C=C(N)C(=N1)C(=O)NC2CCC2,100,ethylene glycol,1119104-Y20-C02,H18
Enamine,UC-192873,540,Z763030030,C6H10N2O3S,190.220,CNS(=O)(=O)CC=1C=C(C)ON1,100,ethylene glycol,1119104-Y20-C02,I18
Enamine,UC-192873,541,Z2588063750,C9H12N2O3,196.203,OC(=O)C1=CC=NN1C2CCOCC2,100,ethylene glycol,1119104-Y20-C02,J18
Enamine,UC-192873,542,Z56943440,C14H15NO2,229.274,COC=1C=CC(NCC=2C=CC=CC2O)=CC1,100,ethylene glycol,1119104-Y20-C02,K18
Enamine,UC-192873,543,Z1575304381,C9H9N3O2,191.186,CC=1C=NC=2N(CC(=O)O)N=CC2C1,100,ethylene glycol,1119104-Y20-C02,L18
Enamine,UC-192873,544,Z1259335862,C9H16N4,180.250,CN1C=C(CN2CCNCC2)C=N1,100,ethylene glycol,1119104-Y20-C02,M18
Enamine,UC-192873,545,Z1741980128,C9H9NO2,163.173,COC=1C=CC=C2C(=O)NCC21,100,ethylene glycol,1119104-Y20-C02,N18
Enamine,UC-192873,546,Z56923284,C12H12N2O2S,248.300,NC=1C=CC(=CC1)S(=O)(=O)NC=2C=CC=CC2,100,ethylene glycol,1119104-Y20-C02,O18
Enamine,UC-192873,547,Z1186029914,C11H14ClFN2O,244.693,Cl.CNC1CCN(C1=O)C=2C=CC=CC2F,100,ethylene glycol,1119104-Y20-C02,B19
Enamine,UC-192873,548,Z57258487,C11H15N5,217.270,CN(C)C=1C=CC(CNN2C=NN=C2)=CC1,100,ethylene glycol,1119104-Y20-C02,C19
Enamine,UC-192873,549,Z822382694,C9H12O3S,200.254,CS(=O)(=O)CC(O)C=1C=CC=CC1,100,ethylene glycol,1119104-Y20-C02,D19
Enamine,UC-192873,550,Z1212984951,C12H16N2O,204.268,CNC1CCCN(C1=O)C=2C=CC=CC2,100,ethylene glycol,1119104-Y20-C02,E19
Enamine,UC-192873,551,Z90504169,C10H19NO,169.263,C(NC1CCCC1)C2CCCO2,100,ethylene glycol,1119104-Y20-C02,F19
Enamine,UC-192873,552,Z1818332938,C9H16ClF3N2O,260.684,Cl.N[C@@H]1CCCN(C1)C(=O)CCC(F)(F)F,100,ethylene glycol,1119104-Y20-C02,G19
Enamine,UC-192873,553,Z805551440,C5H9N3O2S,175.208,CN(C)S(=O)(=O)C=1C=NNC1,100,ethylene glycol,1119104-Y20-C02,H19
Enamine,UC-192873,554,Z26781943,C12H15N3O,217.267,CC(C)C(=O)NCC1=NC=2C=CC=CC2N1,100,ethylene glycol,1119104-Y20-C02,I19
Enamine,UC-192873,555,Z1250132544,C9H11FO2,170.180,CC(O)COC=1C=CC=C(F)C1,100,ethylene glycol,1119104-Y20-C02,J19
Enamine,UC-192873,556,Z100642432,C9H9BrFNO,246.076,CN(C)C(=O)C=1C=CC(F)=CC1Br,100,ethylene glycol,1119104-Y20-C02,K19
Enamine,UC-192873,557,Z159528828,C9H19NO,157.253,CN(CCO)C1CCCCC1,100,ethylene glycol,1119104-Y20-C02,L19
Enamine,UC-192873,558,Z1247413608,C6H13NO3S,179.237,CS(=O)(=O)N1CCC(O)CC1,100,ethylene glycol,1119104-Y20-C02,M19
Enamine,UC-192873,559,Z1429867185,C9H9NO,147.173,COC=1C=CC=C2NC=CC12,100,ethylene glycol,1119104-Y20-C02,N19
Enamine,UC-192873,560,Z65532537,C9H9FO3,184.164,CC(OC=1C=CC=CC1F)C(=O)O,100,ethylene glycol,1119104-Y20-C02,O19
Enamine,UC-192873,561,Z1262327517,C11H17N3,191.272,CC=1C=CC=C(NCC2CCNC2)N1,100,ethylene glycol,1119104-Y20-C02,B20
Enamine,UC-192873,562,Z274553586,C7H11N3O2,169.181,CC=1N=C(C)N(CCC(=O)O)N1,100,ethylene glycol,1119104-Y20-C02,C20
Enamine,UC-192873,563,Z2418194268,C10H11NO2,177.199,OC(=O)C1(CC1)NC=2C=CC=CC2,100,ethylene glycol,1119104-Y20-C02,D20
Enamine,UC-192873,564,Z111782404,C15H14O3,242.269,CC(OC=1C=CC(=CC1)C=2C=CC=CC2)C(=O)O,100,ethylene glycol,1119104-Y20-C02,E20
Enamine,UC-192873,565,Z1664966434,C9H18N2O3S,234.315,O=S(=O)(C1CCCNC1)N2CCOCC2,100,ethylene glycol,1119104-Y20-C02,F20
Enamine,UC-192873,566,Z1343633025,C8H8FNO,153.153,CC=1C=CC(C(=O)N)=C(F)C1,100,ethylene glycol,1119104-Y20-C02,G20
Enamine,UC-192873,567,Z85893853,C14H16FNO3,265.280,OC(=O)C1CCCN(C1)C(=O)CC=2C=CC(F)=CC2,100,ethylene glycol,1119104-Y20-C02,H20
Enamine,UC-192873,568,Z104584152,C10H14N2O,178.230,CN(C)C(=O)CNC=1C=CC=CC1,100,ethylene glycol,1119104-Y20-C02,I20
Enamine,UC-192873,569,Z57821475,C12H16FN3O,237.273,FC=1C=CC(NC(=O)CN2CCNCC2)=CC1,100,ethylene glycol,1119104-Y20-C02,J20
Enamine,UC-192873,570,Z30612220,C9H8N2O,160.172,CC(=O)NC=1C=CC(C#N)=CC1,100,ethylene glycol,1119104-Y20-C02,K20
Enamine,UC-192873,571,Z234898257,C8H10N4,162.191,CNCC1=NN=C2C=CC=CN12,100,ethylene glycol,1119104-Y20-C02,L20
Enamine,UC-192873,572,Z133632670,C7H13NO4S,207.247,CS(=O)(=O)N1CCCC(C1)C(=O)O,100,ethylene glycol,1119104-Y20-C02,M20
Enamine,UC-192873,573,Z2168282707,C8H11N3O2,181.191,CN1N=NC=2CCC(CC21)C(=O)O,100,ethylene glycol,1119104-Y20-C02,N20
Enamine,UC-192873,574,Z1650168321,C12H16N2O,204.268,CC(=O)NC=1C=CC(C)=C2NCCCC12,100,ethylene glycol,1119104-Y20-C02,O20
Enamine,UC-192873,575,Z54628578,C5H7N3,109.129,CNC=1N=CC=CN1,100,ethylene glycol,1119104-Y20-C02,B21
Enamine,UC-192873,576,Z2027049478,C5H4N4S,152.177,C1=CSC(=N1)C2=NN=CN2,100,ethylene glycol,1119104-Y20-C02,C21
Enamine,UC-192873,577,Z1262327459,C10H20N2O,184.278,CC(C)C(=O)NCC1CCCNC1,100,ethylene glycol,1119104-Y20-C02,D21
Enamine,UC-192873,578,Z57627041,C9H13N3O2,195.218,NC(=O)C1CCN(CC1)C(=O)CC#N,100,ethylene glycol,1119104-Y20-C02,E21
Enamine,UC-192873,579,Z1103351268,C9H19NO2,173.252,CC(C)(O)CNC1CCOCC1,100,ethylene glycol,1119104-Y20-C02,F21
Enamine,UC-192873,580,Z1217960891,C11H12FNO2,209.216,CN1CCC(OC=2C=CC=C(F)C2)C1=O,100,ethylene glycol,1119104-Y20-C02,G21
Enamine,UC-192873,581,Z1259161657,C8H17NO2S,191.291,CNC1CCCCC1S(=O)(=O)C,100,ethylene glycol,1119104-Y20-C02,H21
Enamine,UC-192873,582,Z1478435544,C12H13N3,199.251,CC=1C=NC=C(NCC=2C=CN=CC2)C1,100,ethylene glycol,1119104-Y20-C02,I21
Enamine,UC-192873,583,Z56785490,C10H14N2O,178.230,NC=1C=CC=CC1N2CCOCC2,100,ethylene glycol,1119104-Y20-C02,J21
Enamine,UC-192873,584,Z235361315,C10H14N2O,178.230,CCC(=O)NC=1C=CC=C(N)C1C,100,ethylene glycol,1119104-Y20-C02,K21
Enamine,UC-192873,585,Z2065616520,C12H19N3,205.299,CCNC1CCN(CC1)C=2C=CN=CC2,100,ethylene glycol,1119104-Y20-C02,L21
Enamine,UC-192873,586,Z2856434767,C7H12N2O,140.182,N#CCCN1CCOCC1,100,ethylene glycol,1119104-Y20-C02,M21
Enamine,UC-192873,587,Z57324924,C12H14N2O3,234.251,COC=1C=CC(=CC1)N2CC(CC2=O)C(=O)N,100,ethylene glycol,1119104-Y20-C02,N21
Enamine,UC-192873,588,Z102767808,C7H12N2O,140.182,CNCC=1C(C)=NOC1C,100,ethylene glycol,1119104-Y20-C02,O21
Enamine,UC-192873,589,Z1891775084,C8H12N4,164.207,CNC=1C=C2CNCCC2=NN1,100,ethylene glycol,1119104-Y20-C02,B22
Enamine,UC-192873,590,Z458894644,C8H10N2O2,166.177,CCOC=1C=CC(=CN1)C(=O)N,100,ethylene glycol,1119104-Y20-C02,C22
Enamine,UC-192873,591,Z1491220451,C10H14ClFN2O2S,280.746,Cl.FC=1C=CC(=CC1)S(=O)(=O)N2CCNCC2,100,ethylene glycol,1119104-Y20-C02,D22
Enamine,UC-192873,592,Z906021418,C8H10ClN3O,199.637,CC(C)C=1N=CC(Cl)=C(N1)C(=O)N,100,ethylene glycol,1119104-Y20-C02,E22
Enamine,UC-192873,593,Z31723394,C12H17NO,191.269,CCN(CC)C(=O)C=1C=CC=CC1C,100,ethylene glycol,1119104-Y20-C02,F22
Enamine,UC-192873,594,Z1396419547,C8H17NO,143.226,CC1CCCC1NCCO,100,ethylene glycol,1119104-Y20-C02,G22
Enamine,UC-192873,595,Z281802048,C7H11N3O,153.181,COC=1C=CN=C(N1)N(C)C,100,ethylene glycol,1119104-Y20-C02,H22
Enamine,UC-192873,596,Z198195774,C13H12N2O,212.247,NC(=O)NC=1C=CC(=CC1)C=2C=CC=CC2,100,ethylene glycol,1119104-Y20-C02,I22
Enamine,UC-192873,597,Z2216303091,C8H6ClFO3,204.582,OC(=O)COC=1C=CC(Cl)=C(F)C1,100,ethylene glycol,1119104-Y20-C02,J22
Enamine,UC-192873,598,Z239136710,C6H9N3O,139.155,CC(=O)NC1=CC(C)=NN1,100,ethylene glycol,1119104-Y20-C02,K22
Enamine,UC-192873,599,Z1263529632,C7H12N4O,168.196,CN(C)C(=O)CN1C=C(N)C=N1,100,ethylene glycol,1119104-Y20-C02,L22
Enamine,UC-192873,600,Z190662888,C11H12N2O2,204.225,COC=1C=CC(CNC(=O)CC#N)=CC1,100,ethylene glycol,1119104-Y20-C02,M22
Enamine,UC-192873,601,Z1002247062,C9H15N3OS,213.299,CN1CCOC(CNC2=NC=CS2)C1,100,ethylene glycol,1119104-Y20-C02,N22
Enamine,UC-192873,602,Z1741815708,C8H18N2,142.241,CC1(C)CCCN1CCN,100,ethylene glycol,1119104-Y20-C02,O22
Enamine,UC-192873,603,Z31217395,C12H17N3O2,235.282,CCOC(=O)C1CCN(CC1)C=2C=NC=CN2,100,ethylene glycol,1119104-Y20-C02,B23
Enamine,UC-192873,604,Z2301438417,C7H8N4O,164.164,CC1=NN(C)C=2C(O)=NN=CC12,100,ethylene glycol,1119104-Y20-C02,C23
Enamine,UC-192873,605,Z2446040567,C8H12N2O2,168.193,CC(C)C1=NC=CN1CC(=O)O,100,ethylene glycol,1119104-Y20-C02,D23
Enamine,UC-192873,606,Z56827661,C10H11NO3,193.199,CC=1C=CC=C(C1)C(=O)NCC(=O)O,100,ethylene glycol,1119104-Y20-C02,E23
Enamine,UC-192873,607,Z57744712,C6H14N2O3S,194.251,CN(C)S(=O)(=O)N1CCOCC1,100,ethylene glycol,1119104-Y20-C02,F23
Enamine,UC-192873,608,Z1454840342,C7H13NO3,159.183,CC(=O)N1CCOC(CO)C1,100,ethylene glycol,1119104-Y20-C02,G23
Enamine,UC-192873,609,Z1674937530,C7H12N2O,140.182,CCN1C=C(CCO)C=N1,100,ethylene glycol,1119104-Y20-C02,H23
Enamine,UC-192873,610,Z1270312110,C11H13N3,187.241,CC1=NNC(C)=C1C=2C=CC=CC2N,100,ethylene glycol,1119104-Y20-C02,I23
Enamine,UC-192873,611,Z1259341012,C12H18N2O,206.284,CC(N)C=1C=CC(=CC1)N2CCOCC2,100,ethylene glycol,1119104-Y20-C02,J23
Enamine,UC-192873,612,Z1741960769,C8H7F3N2OS,236.214,NC(=S)NC=1C=CC(OC(F)(F)F)=CC1,100,ethylene glycol,1119104-Y20-C02,K23
Enamine,UC-192873,613,Z1124201124,C6H8N2O2,140.139,CCOC(=O)C=1C=NNC1,100,ethylene glycol,1119104-Y20-C02,L23
Enamine,UC-192873,614,Z1245580461,C8H18N2,142.241,CC1CCN(CCN)CC1,100,ethylene glycol,1119104-Y20-C02,M23
Enamine,UC-192873,615,Z228584062,C12H18N2O,206.284,COC=1C=CC=CC1CN2CCNCC2,100,ethylene glycol,1119104-Y20-C02,N23
Enamine,UC-192873,616,Z1551688335,C9H12N2O2,180.203,CC(O)C(=O)NCC=1C=CC=CN1,100,ethylene glycol,1119104-Y20-C02,O23
Enamine,UC-192873,617,Z2856434843,C6H13NO2,131.172,OCCN1CCOCC1,100,ethylene glycol,1119104-Y20-C03,B02
Enamine,UC-192873,618,Z45617795,C9H13NO2S,199.270,CS(=O)(=O)NCCC=1C=CC=CC1,100,ethylene glycol,1119104-Y20-C03,C02
Enamine,UC-192873,619,Z71580604,C11H14N2O2,206.241,CC=1C=CC(NC(=O)C2CCCO2)=NC1,100,ethylene glycol,1119104-Y20-C03,D02
Enamine,UC-192873,620,Z2856434836,C14H20N2O2,248.320,CN1CCN(CC1)C(=O)COC=2C=CC(C)=CC2,100,ethylene glycol,1119104-Y20-C03,E02
Enamine,UC-192873,621,Z1209494589,C10H20N2O2,200.278,COCC(C)N1CCN(CC1)C(=O)C,100,ethylene glycol,1119104-Y20-C03,F02
Enamine,UC-192873,622,Z952656810,C8H12N2O,152.193,CC(=O)N1CCC(CC1)C#N,100,ethylene glycol,1119104-Y20-C03,G02
Enamine,UC-192873,623,Z1497321453,C10H14N2OS,210.295,CC1=NC(C(=O)N2CCCC2)=C(C)S1,100,ethylene glycol,1119104-Y20-C03,H02
Enamine,UC-192873,624,Z2856434829,C12H14F2N2O,240.249,CN1CCN(CC1)C(=O)C=2C=CC(F)=C(F)C2,100,ethylene glycol,1119104-Y20-C03,I02
Enamine,UC-192873,625,Z2856434894,C12H20N2,192.300,CC(C)NCC=1C=CC(=CC1)N(C)C,100,ethylene glycol,1119104-Y20-C03,J02
Enamine,UC-192873,626,Z2856434884,C15H22N2O,246.347,CC(=O)N1CCN(CCCC=2C=CC=CC2)CC1,100,ethylene glycol,1119104-Y20-C03,K02
Enamine,UC-192873,627,Z1259339735,C10H18N4O,210.276,CN(C)CC1=NC(=NO1)C2(N)CCCC2,100,ethylene glycol,1119104-Y20-C03,L02
Enamine,UC-192873,628,Z419884046,C16H23NO,245.359,CC1CCN(CC1)C(=O)CCCC=2C=CC=CC2,100,ethylene glycol,1119104-Y20-C03,M02
Enamine,UC-192873,629,Z31385861,C13H14N2O,214.263,CC(C)NC(=O)C=1C=CC=2C=CC=CC2N1,100,ethylene glycol,1119104-Y20-C03,N02
Enamine,UC-192873,630,Z645232558,C10H15N3O,193.245,OCC1CCN(CC1)C=2N=CC=CN2,100,ethylene glycol,1119104-Y20-C03,O02
Enamine,UC-192873,631,Z32014663,C11H15NO,177.242,CN(C)C(=O)C=1C=CC=C(C)C1C,100,ethylene glycol,1119104-Y20-C03,B03
Enamine,UC-192873,632,Z30162334,C16H23NO,245.359,CC(C)C(=O)N1CCC(CC=2C=CC=CC2)CC1,100,ethylene glycol,1119104-Y20-C03,C03
Enamine,UC-192873,633,Z135439900,C9H14N2O2,182.219,CCN(CC)C(=O)C1=CC(C)=NO1,100,ethylene glycol,1119104-Y20-C03,D03
Enamine,UC-192873,634,Z295848548,C10H15N3O2,209.245,C(N1CCOCC1)C2=NC(=NO2)C3CC3,100,ethylene glycol,1119104-Y20-C03,E03
Enamine,UC-192873,635,Z223353618,C10H15N3O2,209.245,CC=1C=C(NC(=O)C2CCCO2)N(C)N1,100,ethylene glycol,1119104-Y20-C03,F03
Enamine,UC-192873,636,Z280816320,C11H16N2O2,208.256,CC(C1CC1)N(C)C(=O)C2=CC(C)=NO2,100,ethylene glycol,1119104-Y20-C03,G03
Enamine,UC-192873,637,Z287256168,C12H16N2O,204.268,CC(NC(=O)C=1C=CC=C(C)N1)C2CC2,100,ethylene glycol,1119104-Y20-C03,H03
Enamine,UC-192873,638,Z1302595798,C11H16N2O2,208.256,CN(C)C(=O)C1=CC(=NO1)C2CCCC2,100,ethylene glycol,1119104-Y20-C03,I03
Enamine,UC-192873,639,Z1796014543,C12H14FNO,207.244,CNC(=O)C1(CC=2C=CC=CC2F)CC1,100,ethylene glycol,1119104-Y20-C03,J03
Enamine,UC-192873,640,Z1230130478,C11H17N3O,207.272,CC(C)NC=1N=CC=CC1C(=O)N(C)C,100,ethylene glycol,1119104-Y20-C03,K03
Enamine,UC-192873,641,Z1262254278,C10H21N3O,199.293,CC(C)NC(=O)CN1CCCNCC1,100,ethylene glycol,1119104-Y20-C03,L03
Enamine,UC-192873,642,Z1348417096,C11H15ClN2O,226.702,CN(CC1CCOC1)C=2C=CN=CC2Cl,100,ethylene glycol,1119104-Y20-C03,M03
Enamine,UC-192873,643,Z1998104358,C10H18N2O3,214.261,CN(C)C(=O)N1CCOCC21CCOC2,100,ethylene glycol,1119104-Y20-C03,N03
Enamine,UC-192873,644,Z1516316257,C11H15N3O,205.256,CCC1=NOC(C)=C1CN2C=CC(C)=N2,100,ethylene glycol,1119104-Y20-C03,O03
Enamine,UC-192873,645,Z1220645147,C10H13ClN4,224.690,CC(C)N1C=CC(CN2C=C(Cl)C=N2)=N1,100,ethylene glycol,1119104-Y20-C03,B04
Enamine,UC-192873,646,Z1273312142,C11H14FNO2,211.232,CCOC=1C(F)=CC=CC1C(=O)N(C)C,100,ethylene glycol,1119104-Y20-C03,C04
Enamine,UC-192873,647,Z375990520,C8H10N2O4,198.176,COC(=O)CNC(=O)C=1C=C(C)ON1,100,ethylene glycol,1119104-Y20-C03,D04
Enamine,UC-192873,648,Z31480458,C15H21NO2,247.332,CC(C)COC=1C=CC(=CC1)C(=O)N2CCCC2,100,ethylene glycol,1119104-Y20-C03,E04
Enamine,UC-192873,649,Z198194396,C10H13N3O3,223.228,NC(=O)N1CCN(CC1)C(=O)C2=CC=CO2,100,ethylene glycol,1119104-Y20-C03,F04
Enamine,UC-192873,650,Z29325421,C12H18N2OS,238.349,CC1=CN=C(NC(=O)CCC2CCCC2)S1,100,ethylene glycol,1119104-Y20-C03,G04
Enamine,UC-192873,651,Z2856434865,C12H17NOS,223.334,C(CN1CCOCC1)SC=2C=CC=CC2,100,ethylene glycol,1119104-Y20-C03,H04
Enamine,UC-192873,652,Z1246465616,C11H18N2O2,210.272,CC(CC=1C(C)=NOC1C)C(=O)N(C)C,100,ethylene glycol,1119104-Y20-C03,I04
Enamine,UC-192873,653,Z373768898,C11H17N3O,207.272,CCN1C=C(NC(=O)C2CCCC2)C=N1,100,ethylene glycol,1119104-Y20-C03,J04
Enamine,UC-192873,654,Z27782760,C15H15NO2,241.285,CCOC=1C=CC(=CC1)C(=O)NC=2C=CC=CC2,100,ethylene glycol,1119104-Y20-C03,K04
Enamine,UC-192873,655,Z275181224,C12H14N4O,230.265,CCN1C=C(CNC(=O)C=2C=CC=NC2)C=N1,100,ethylene glycol,1119104-Y20-C03,L04
Enamine,UC-192873,656,Z2856434815,C10H12N2,160.215,CN(C)CC=1C=CC(C#N)=CC1,100,ethylene glycol,1119104-Y20-C03,M04
Enamine,UC-192873,657,Z32016974,C10H19NO,169.263,CNC(=O)CCC1CCCCC1,100,ethylene glycol,1119104-Y20-C03,N04
Enamine,UC-192873,658,Z2856434901,C9H19N,141.253,CNCCC1CCCCC1,100,ethylene glycol,1119104-Y20-C03,O04
Enamine,UC-192873,659,Z24758179,C9H11NO4S,229.252,COC(=O)C=1C=CC=C(NS(=O)(=O)C)C1,100,ethylene glycol,1119104-Y20-C03,B05
Enamine,UC-192873,660,Z1705151001,C11H22N2O2,214.304,CN(C)CC(=O)N1CCCC1C(C)(C)O,100,ethylene glycol,1119104-Y20-C03,C05
Enamine,UC-192873,661,Z2277255954,C9H14FNO2S,219.276,CC1(CC1)S(=O)(=O)N2CCC=C(F)C2,100,ethylene glycol,1119104-Y20-C03,D05
Enamine,UC-192873,662,Z1545196403,C10H10FN3,191.204,FC=1C=CC=CC1NCC=2C=CNN2,100,ethylene glycol,1119104-Y20-C03,E05
Enamine,UC-192873,663,Z2017168803,C9H13FN2O,184.210,C[C@@H](CO)N(C)C=1N=CC=CC1F,100,ethylene glycol,1119104-Y20-C03,F05
Enamine,UC-192873,664,Z1318110042,C10H17NO2S,215.312,CC#CCN(C)C1CCS(=O)(=O)CC1,100,ethylene glycol,1119104-Y20-C03,G05
Enamine,UC-192873,665,Z1587272989,C9H12FN3O,197.209,CC1=NOC(CN2CCC=C(F)C2)=N1,100,ethylene glycol,1119104-Y20-C03,H05
Enamine,UC-192873,666,Z2856434900,C7H15NO,129.200,CC(C)(C)N1CC(O)C1,100,ethylene glycol,1119104-Y20-C03,I05
Enamine,UC-192873,667,Z1587273210,C9H12FN3O,197.209,CC1=NC(CN2CCC=C(F)C2)=NO1,100,ethylene glycol,1119104-Y20-C03,J05
Enamine,UC-192873,668,Z1787761777,C11H18N2OS,226.338,COC1CN(CC2=CN=CS2)CCC1C,100,ethylene glycol,1119104-Y20-C03,K05
Enamine,UC-192873,669,Z1619978933,C9H12FN3S,213.275,CC1=NN=C(CN2CCC=C(F)C2)S1,100,ethylene glycol,1119104-Y20-C03,L05
Enamine,UC-192873,670,Z1685106505,C10H12N4O,204.228,CN1C=CN=C1C2=NOC(=N2)C3CCC3,100,ethylene glycol,1119104-Y20-C03,M05
Enamine,UC-192873,671,Z1929757385,C11H15FN2O,210.248,CC1(C)CN(CC1O)C=2N=CC=CC2F,100,ethylene glycol,1119104-Y20-C03,N05
Enamine,UC-192873,672,Z1134990241,C11H12N2OS,220.290,CC1=NC(CN2C=CC(C)=CC2=O)=CS1,100,ethylene glycol,1119104-Y20-C03,O05
Enamine,UC-192873,673,Z275179946,C10H14ClN3O,227.690,CN1N=CC(Cl)=C1C(=O)N2CCCCC2,100,ethylene glycol,1119104-Y20-C03,B06
Enamine,UC-192873,674,Z2856434856,C11H14ClNO,211.687,ClC=1C=CC=C(CN2CCOCC2)C1,100,ethylene glycol,1119104-Y20-C03,C06
Enamine,UC-192873,675,Z31478538,C10H13NO2,179.215,COCC(=O)NCC=1C=CC=CC1,100,ethylene glycol,1119104-Y20-C03,D06
Enamine,UC-192873,676,Z2856434896,C14H17NO,215.290,CN(CC1=CC=C(C)O1)CC=2C=CC=CC2,100,ethylene glycol,1119104-Y20-C03,E06
Enamine,UC-192873,677,Z220996120,C11H14N2O,190.241,CC(NC(=O)C1CC1)C=2C=CC=NC2,100,ethylene glycol,1119104-Y20-C03,F06
Enamine,UC-192873,678,Z2856434898,C16H20N2,240.343,C(N1CCC(CC1)N2C=CC=C2)C=3C=CC=CC3,100,ethylene glycol,1119104-Y20-C03,G06
Enamine,UC-192873,679,Z1449748885,C9H12N2O2,180.203,COC=1C=CC(NC(=O)CN)=CC1,100,ethylene glycol,1119104-Y20-C03,H06
Enamine,UC-192873,680,Z52314092,C11H15NO,177.242,CC(=O)NCCC=1C=CC=CC1C,100,ethylene glycol,1119104-Y20-C03,I06
Enamine,UC-192873,681,Z184825330,C10H14N2O2,194.230,CCOC=1N=CC=CC1C(=O)N(C)C,100,ethylene glycol,1119104-Y20-C03,J06
Enamine,UC-192873,682,Z416877194,C10H17N3O2,211.260,CC1=NOC(CN2CCC(CO)CC2)=N1,100,ethylene glycol,1119104-Y20-C03,K06
Enamine,UC-192873,683,Z1343518214,C8H16N2O3S,220.289,COC1CN(C1)S(=O)(=O)N2CCCC2,100,ethylene glycol,1119104-Y20-C03,L06
Enamine,UC-192873,684,Z419995480,C14H19NO2,233.306,O=C(CCCC=1C=CC=CC1)N2CCOCC2,100,ethylene glycol,1119104-Y20-C03,M06
Enamine,UC-192873,685,Z647442662,C10H17N3O2,211.260,CC1=NOC(CN2CCCCC2CO)=N1,100,ethylene glycol,1119104-Y20-C03,N06
Enamine,UC-192873,686,Z183344018,C10H18N4O,210.276,CC(C)NC(=O)N(C)CC=1C=NN(C)C1,100,ethylene glycol,1119104-Y20-C03,O06
Enamine,UC-192873,687,Z1689442171,C10H15FN2O2,214.236,FC1=CCCN(C1)C(=O)N2CCOCC2,100,ethylene glycol,1119104-Y20-C03,B07
Enamine,UC-192873,688,Z1878656559,C12H21N3,207.315,CC1CC(C)(C)CC1NCC=2C=CNN2,100,ethylene glycol,1119104-Y20-C03,C07
Enamine,UC-192873,689,Z1983897532,C10H10FN3S,223.269,CC1=NC=C(CNC=2C=NC=C(F)C2)S1,100,ethylene glycol,1119104-Y20-C03,D07
Enamine,UC-192873,690,Z1506050651,C12H16N2O,204.268,CN(C(=O)[C@H]1CC1(C)C)C=2C=CC=NC2,100,ethylene glycol,1119104-Y20-C03,E07
Enamine,UC-192873,691,Z2272040604,C11H16FNO2,213.248,"C[C@@H]1CC[C@@H](O1)C(=O)N2CCC=C(F)C2 |&1:1,4,r|",100,ethylene glycol,1119104-Y20-C03,F07
Enamine,UC-192873,692,Z2442270563,C11H17N3O,207.272,C(C1CCNCC1)C2=NC(=NO2)C3CC3,100,ethylene glycol,1119104-Y20-C03,G07
Enamine,UC-192873,693,Z1796224493,C11H17FN2O,212.263,CN1CCCC1C(=O)N2CCC=C(F)C2,100,ethylene glycol,1119104-Y20-C03,H07
Enamine,UC-192873,694,Z1918536193,C8H7ClN4O,210.620,CN1C=C(OC=2N=CN=CC2Cl)C=N1,100,ethylene glycol,1119104-Y20-C03,I07
Enamine,UC-192873,695,Z2434504713,C10H13FN2O,196.221,CC1CC(CO1)NC=2N=CC=CC2F,100,ethylene glycol,1119104-Y20-C03,J07
Enamine,UC-192873,696,Z2242056442,C9H9ClFN,185.625,FC=1C=CC(Cl)=C2NCCCC12,100,ethylene glycol,1119104-Y20-C03,K07
Enamine,UC-192873,697,Z729352906,C10H12FNO2S,229.271,FC=1C=CC=C(CN2CCCS2(=O)=O)C1,100,ethylene glycol,1119104-Y20-C03,L07
Enamine,UC-192873,698,Z363104204,C12H11FN2O2,234.226,CNC(=O)C1=C(C)ON=C1C=2C=CC(F)=CC2,100,ethylene glycol,1119104-Y20-C03,M07
Enamine,UC-192873,699,Z804566442,C12H15N3OS,249.332,CCC1=CC=C(S1)C(=O)NCC=2C=NN(C)C2,100,ethylene glycol,1119104-Y20-C03,N07
Enamine,UC-192873,700,Z1270087714,C9H15N3OS,213.299,CC1CN(CC(C)O1)C2=NC(C)=NS2,100,ethylene glycol,1119104-Y20-C03,O07
Enamine,UC-192873,701,Z265564928,C10H17N3O,195.261,CC1CCCCN1CC2=NC(C)=NO2,100,ethylene glycol,1119104-Y20-C03,B08
Enamine,UC-192873,702,Z204776284,C11H22N2O,198.305,CNC(=O)CN(C)C1CCCCCC1,100,ethylene glycol,1119104-Y20-C03,C08
Enamine,UC-192873,703,Z2856434926,C9H13NO3S,215.269,O=S1(=O)CCN(CC2=CC=CO2)CC1,100,ethylene glycol,1119104-Y20-C03,D08
Enamine,UC-192873,704,Z369042042,C12H16FNO,209.259,CC1COCCN1CC=2C=CC=CC2F,100,ethylene glycol,1119104-Y20-C03,E08
Enamine,UC-192873,705,Z57328997,C14H14FNO,231.265,COC=1C=CC(NCC=2C=CC(F)=CC2)=CC1,100,ethylene glycol,1119104-Y20-C03,F08
Enamine,UC-192873,706,Z355728146,C10H20N2O2,200.278,CCNC(=O)CN1CC(C)OCC1C,100,ethylene glycol,1119104-Y20-C03,G08
Enamine,UC-192873,707,Z57292433,C9H8FN5O,221.191,CN1N=NC(NC(=O)C=2C=CC(F)=CC2)=N1,100,ethylene glycol,1119104-Y20-C03,H08
Enamine,UC-192873,708,Z416341642,C9H20N2O3S,236.331,CC(C)N(C)S(=O)(=O)N1CCOC(C)C1,100,ethylene glycol,1119104-Y20-C03,I08
Enamine,UC-192873,709,Z2643472210,C10H15N3O2,209.245,CN1C=CC(=N1)C(=O)NC[C@@H]2CCCO2,100,ethylene glycol,1119104-Y20-C03,J08
Enamine,UC-192873,710,Z373768900,C10H15N3O,193.245,CCN1C=C(NC(=O)C2CCC2)C=N1,100,ethylene glycol,1119104-Y20-C03,K08
Enamine,UC-192873,711,Z31720228,C10H14N2O2S,226.295,CC1=NC(CC(=O)N2CCOCC2)=CS1,100,ethylene glycol,1119104-Y20-C03,L08
Enamine,UC-192873,712,Z1439422127,C9H15N3OS,213.299,CC1OCCN(C1C)C2=NC(C)=NS2,100,ethylene glycol,1119104-Y20-C03,M08
Enamine,UC-192873,713,Z1162778919,C10H11N3O2,205.213,CCC1=NC(CN2C=CC=CC2=O)=NO1,100,ethylene glycol,1119104-Y20-C03,N08
Enamine,UC-192873,714,Z1275599911,C13H23NO,209.327,CC(=O)N1CCCC2(C1)CCCCCC2,100,ethylene glycol,1119104-Y20-C03,O08
Enamine,UC-192873,715,Z2856434858,C11H14ClNO,211.687,O[C@@H]1CCN(CC=2C=CC(Cl)=CC2)C1,100,ethylene glycol,1119104-Y20-C03,B09
Enamine,UC-192873,716,Z1667545918,C6H8N2OS,156.205,CC(=O)NCC1=CN=CS1,100,ethylene glycol,1119104-Y20-C03,C09
Enamine,UC-192873,717,Z1722836661,C8H13N3O2,183.207,CN(C)C(=O)OCCN1C=CN=C1,100,ethylene glycol,1119104-Y20-C03,D09
Enamine,UC-192873,718,Z106307058,C11H22N2O,198.305,CC(C)N1CCN(CC1)C(=O)C(C)C,100,ethylene glycol,1119104-Y20-C03,E09
Enamine,UC-192873,719,Z223388508,C15H18N2O,242.316,CC(=O)N1CCC(CC1)C2=CNC=3C=CC=CC23,100,ethylene glycol,1119104-Y20-C03,F09
Enamine,UC-192873,720,Z275728064,C10H17N3O2,211.260,CCC1=NOC(=N1)C(C)N2CCOCC2,100,ethylene glycol,1119104-Y20-C03,G09
Enamine,UC-192873,721,Z2064898127,C10H18N2O3,214.261,O=C(NC[C@H]1CCCO1)N2CCOCC2,100,ethylene glycol,1119104-Y20-C03,H09
Enamine,UC-192873,722,Z2074076908,C10H15F2NO2,219.228,FC(F)OCC(=O)N1CCCC2(CC2)C1,100,ethylene glycol,1119104-Y20-C03,I09
Enamine,UC-192873,723,Z2856434866,C13H25NO,211.343,CCC1CCC(CC1)NC[C@H]2CCCO2,100,ethylene glycol,1119104-Y20-C03,J09
Enamine,UC-192873,724,Z31478129,C10H13NO2,179.215,CCOC(=O)NCC=1C=CC=CC1,100,ethylene glycol,1119104-Y20-C03,K09
Enamine,UC-192873,725,Z57791725,C9H8N2O,160.172,CC1=NC(=NO1)C=2C=CC=CC2,100,ethylene glycol,1119104-Y20-C03,L09
Enamine,UC-192873,726,Z28870646,C12H15NO,189.253,CC1CCC=2C=CC=CC2N1C(=O)C,100,ethylene glycol,1119104-Y20-C03,M09
Enamine,UC-192873,727,Z53836105,C9H8F2O2,186.155,CCOC(=O)C=1C=CC(F)=CC1F,100,ethylene glycol,1119104-Y20-C03,N09
Enamine,UC-192873,728,Z1251207602,C8H13N3S,183.273,CC1=NN=C(S1)N2CCCCC2,100,ethylene glycol,1119104-Y20-C03,O09
Enamine,UC-192873,729,Z29692148,C10H10N2O2S,222.263,CC1=CC(=NO1)C(=O)NCC2=CC=CS2,100,ethylene glycol,1119104-Y20-C03,B10
Enamine,UC-192873,730,Z1401333862,C11H13N3,187.241,CN1C=CC(NCC=2C=CC=CC2)=N1,100,ethylene glycol,1119104-Y20-C03,C10
Enamine,UC-192873,731,Z768399682,C9H13N3O2S,227.283,CC1CN(C(C)CO1)C(=O)C=2C=NSN2,100,ethylene glycol,1119104-Y20-C03,D10
Enamine,UC-192873,732,Z31432226,C14H17NO3,247.289,O=C(N1CCCCCC1)C=2C=CC=3OCOC3C2,100,ethylene glycol,1119104-Y20-C03,E10
Enamine,UC-192873,733,Z1881545321,C10H14N2O2S,226.295,CC1=CC(=NS1)C(=O)NCC2CCCO2,100,ethylene glycol,1119104-Y20-C03,F10
Enamine,UC-192873,734,Z369936976,C10H15N3O2,209.245,CN(CC=1C=C(C)ON1)C(=O)NC2CC2,100,ethylene glycol,1119104-Y20-C03,G10
Enamine,UC-192873,735,Z1373438018,C10H13FN2O,196.221,CN(C1CCOC1)C=2N=CC=CC2F,100,ethylene glycol,1119104-Y20-C03,H10
Enamine,UC-192873,736,Z169226638,C10H20N2O,184.278,CC(=O)NCCN1CCCCCC1,100,ethylene glycol,1119104-Y20-C03,I10
Enamine,UC-192873,737,Z2856434875,C13H18N2O2,234.294,CC(=O)NC=1C=CC(CN2CCOCC2)=CC1,100,ethylene glycol,1119104-Y20-C03,J10
Enamine,UC-192873,738,Z2856434862,C12H17NO,191.269,CC=1C=CC=C(CN2CCOCC2)C1,100,ethylene glycol,1119104-Y20-C03,K10
Enamine,UC-192873,739,Z2856434826,C12H18N2OS,238.349,CC(C)N1CCN(CC1)C(=O)C2=CC=CS2,100,ethylene glycol,1119104-Y20-C03,L10
Enamine,UC-192873,740,Z1899842917,C9H11N3O2S,225.267,CC1=NN(CC=2C(C)=NOC2C)C(=O)S1,100,ethylene glycol,1119104-Y20-C03,M10
Enamine,UC-192873,741,Z1891773476,C10H13NO2,179.215,CNCC1COC=2C=CC=CC2O1,100,ethylene glycol,1119104-Y20-C03,N10
Enamine,UC-192873,742,Z1101755952,C11H16N2OS,224.322,CC1CCCN(CC1)C(=O)C2=CSC=N2,100,ethylene glycol,1119104-Y20-C03,O10
Enamine,UC-192873,743,Z31697001,C9H10ClNO2,199.634,CCOC(=O)NC=1C=CC=C(Cl)C1,100,ethylene glycol,1119104-Y20-C03,B11
Enamine,UC-192873,744,Z30620520,C14H17FN2O,248.295,FC=1C=CC(=CC1)N2CCN(CC2)C(=O)C3CC3,100,ethylene glycol,1119104-Y20-C03,C11
Enamine,UC-192873,745,Z1623890017,C11H13N3OS,235.305,C1CCN(CC1)C2=NOC(=N2)C3=CC=CS3,100,ethylene glycol,1119104-Y20-C03,D11
Enamine,UC-192873,746,Z733898630,C9H15N3O,181.234,CC(C)NC(=O)C=1C=C(C)N(C)N1,100,ethylene glycol,1119104-Y20-C03,E11
Enamine,UC-192873,747,Z2856434868,C13H19FN2,222.301,CCN1CCC(CC1)NC=2C=CC=CC2F,100,ethylene glycol,1119104-Y20-C03,F11
Enamine,UC-192873,748,Z1570998378,C11H15FN2O,210.248,CC1CC(CCO1)NC=2N=CC=CC2F,100,ethylene glycol,1119104-Y20-C03,G11
Enamine,UC-192873,749,Z2735592898,C7H17N3O2S,207.293,CN(C)S(=O)(=O)N1CCN(C)CC1,100,ethylene glycol,1119104-Y20-C03,H11
Enamine,UC-192873,750,Z1373430305,C11H15FN2O,210.248,FC=1C=CC=NC1NCC2CCOCC2,100,ethylene glycol,1119104-Y20-C03,I11
Enamine,UC-192873,751,Z1545312521,C12H14ClNO2,239.698,CC=1C(Cl)=CC=CC1NC(=O)[C@@H]2CCCO2,100,ethylene glycol,1119104-Y20-C03,J11
Enamine,UC-192873,752,Z2072621991,C10H15F2NO2,219.228,FC(F)OCC(=O)N1CC2CCCC2C1,100,ethylene glycol,1119104-Y20-C03,K11
Enamine,UC-192873,753,Z18839017,C15H21NO2,247.332,CCC=1C=CC(OCC(=O)N2CCCCC2)=CC1,100,ethylene glycol,1119104-Y20-C03,L11
Enamine,UC-192873,754,Z31190928,C7H11N3,137.182,CC(C)NC=1N=CC=CN1,100,ethylene glycol,1119104-Y20-C03,M11
Enamine,UC-192873,755,Z1217741507,C16H23NO,245.359,CC(C)(C)C1CCN(CC1)C(=O)C=2C=CC=CC2,100,ethylene glycol,1119104-Y20-C03,N11
Enamine,UC-192873,756,Z265541128,C10H17N3O2,211.260,CCC1=NOC(CN2CCCC(O)C2)=N1,100,ethylene glycol,1119104-Y20-C03,O11
Enamine,UC-192873,757,Z1741959530,C10H16ClNO3,233.691,Cl.COC=1C=C(CN)C=C(OC)C1OC,100,ethylene glycol,1119104-Y20-C03,B12
Enamine,UC-192873,758,Z1787627869,C10H14ClN3O,227.690,CN(CC1CCOC1)C=2N=CN=CC2Cl,100,ethylene glycol,1119104-Y20-C03,C12
Enamine,UC-192873,759,Z221226038,C10H14N2O3,210.229,CC1CN(CCO1)C(=O)C2=CC(C)=NO2,100,ethylene glycol,1119104-Y20-C03,D12
Enamine,UC-192873,760,Z1546887028,C8H12ClN3O,201.653,CC(CO)N(C)C=1N=CC(Cl)=CN1,100,ethylene glycol,1119104-Y20-C03,E12
Enamine,UC-192873,761,Z2034457351,C10H12BrN3O,270.125,BrC=1C=CC=NC1NC2CCCNC2=O,100,ethylene glycol,1119104-Y20-C03,F12
Enamine,UC-192873,762,Z1694504496,C11H20N4,208.303,CC1CN(C)CCC1NC=2C=NN(C)C2,100,ethylene glycol,1119104-Y20-C03,G12
Enamine,UC-192873,763,Z2326079238,C10H17F2NO2,221.244,CC1CCC(C)(C)N1C(=O)COC(F)F,100,ethylene glycol,1119104-Y20-C03,H12
Enamine,UC-192873,764,Z1945710531,C10H12N2O2S,224.279,COC(C)C1=NC(=CS1)C=2C=NOC2C,100,ethylene glycol,1119104-Y20-C03,I12
Enamine,UC-192873,765,Z1457279522,C13H18ClFN2O,272.746,Cl.CC1CN(CCN1)C(=O)C=2C=C(C)C=CC2F,100,ethylene glycol,1119104-Y20-C03,J12
Enamine,UC-192873,766,Z422471910,C11H16N2OS,224.322,CC(C1CC1)N(C)C(=O)C=2SC=NC2C,100,ethylene glycol,1119104-Y20-C03,K12
Enamine,UC-192873,767,Z1619958679,C13H11FN2O2,246.237,CC=1C=CC=C(O)C1NC(=O)C=2C=CN=CC2F,100,ethylene glycol,1119104-Y20-C03,L12
Enamine,UC-192873,768,Z19755216,C10H12FNO2,197.206,CN(C)C(=O)COC=1C=CC=C(F)C1,100,ethylene glycol,1119104-Y20-C03,M12